Chip Run Info;P:\Monitoring\Fluidigm-k√∂rningar\2017-08-24_JS17_D_1382333125_MJ170823\ChipRun.bml;1382333125;96.96 (138x);;ROX;SNPtype-FAM : SNPtype-HEX;2017-08-24 15:04:28;00:00:51;50168
Application Version;4.1.3
Application Build;20140305.1505
Export Type;Call Map Results : Custom View;Standard
Number of Combined Chip Runs;1;9216
Confidence Threshold;85,00
Normalization Method;SNPtype Normalization
Allele Probe Type Mapping;Allele X;SNPtype-FAM
Allele Probe Type Mapping;Allele Y;SNPtype-HEX
Allele Axis Mapping;Allele X;X
Allele Axis Mapping;Allele Y;Y


SNP Calls
;;01;02;03;04;05;06;07;08;09;10;11;12;13;14;15;16;17;18;19;20;21;22;23;24;25;26;27;28;29;30;31;32;33;34;35;36;37;38;39;40;41;42;43;44;45;46;47;48;49;50;51;52;53;54;55;56;57;58;59;60;61;62;63;64;65;66;67;68;69;70;71;72;73;74;75;76;77;78;79;80;81;82;83;84;85;86;87;88;89;90;91;92;93;94;95;96
;;scaffold10:2782;scaffold11165:5933;scaffold11635:5304;scaffold1493:961;scaffold1948:9759;scaffold2671:1785;scaffold3686:763;scaffold10252_3731;scaffold1237_3191;scaffold1816_1847;scaffold2974_5531;X_scaffold11905_7659;scaffold10159:1936;scaffold1823_1586;scaffold11780:1308;scaffold1660:4431;scaffold2015:8637;scaffold3096:9910;scaffold3706:14163;scaffold2287:2034;scaffold12453_10099;scaffold1906_1828;scaffold3056_23129;X_scaffold17088_4621;scaffold102:1681;scaffold11274:6052;scaffold11840:30521;scaffold17281:721;scaffold20538:3186;scaffold3316:1296;scaffold3719:1954;scaffold2168:3960;scaffold12597_2063;scaffold2227_6739;scaffold3105_1081;X_scaffold1915_14108;scaffold10258:4873;scaffold11341:1648;scaffold11871:646;scaffold175:2299;scaffold2058:7015;scaffold12057:4666;scaffold3740:1109;scaffold11014_5079;scaffold12613_15082;scaffold2328_1187;scaffold3204_1963;X_scaffold4825_648;scaffold10419:3424;scaffold11390:926;scaffold11926:10893;scaffold1770:2584;scaffold20971:2651;scaffold3345:22009;scaffold3954:3784;scaffold11046_354;scaffold14332_603;scaffold25480_944;scaffold3359_987;X_scaffold5374_1437;scaffold1050:285;scaffold11418:168;scaffold12175:4120;scaffold1800:12650;scaffold24630:4000;scaffold3346:31340;scaffold4270:1780;scaffold11172_2046;scaffold15878_1394;scaffold2618_795;scaffold3682_1094;Y_scaffoldY158711_762;scaffold11043:759;scaffold11573:1348;scaffold12493:576;scaffold1905:7470;scaffold2530:3019;scaffold3407:3290;scaffold4438:592;scaffold11464_1491;scaffold1632_3284;scaffold265_5988;scaffold3867_13862;Y_scaffoldY42647_3017;scaffold11108:12078;scaffold11634:1040;scaffold12593:2951;scaffold3532:6269;scaffold25755:481;scaffold3490:12975;scaffold10002_6735;scaffold11943_4921;scaffold1714_5974;scaffold2855_2563;X_scaffold10171:3154;Y_scaffoldY42656_3986
85;Control;XY;XY;XY;XY;XY;XX;XY;XX;XY;XY;XX;XY;XX;XY;XY;XY;XX;XY;XY;XY;XY;XY;XX;XY;XY;XY;XY;XY;XY;XY;XY;XY;XY;XY;XY;XY;XY;XY;XY;XX;XY;XY;XY;XX;XY;XY;XX;XY;XY;XY;XY;XX;XY;XY;XX;XX;XY;XY;XY;XY;XY;XY;XX;XY;XY;XX;XY;XY;XY;XY;XY;No Call;XX;XY;XX;XY;XY;XY;XY;XY;XY;XY;XY;No Call;XX;XY;XY;XY;XY;XX;XY;XY;XX;XY;XY;No Call
86;Control;XY;XY;XY;XY;XY;XX;XY;XX;XY;XY;XX;XY;XX;XY;XY;XY;XX;XY;XY;XY;XY;XY;XX;XY;XY;XY;XY;XY;XY;XY;XY;XY;XY;XY;XY;XY;XY;XY;XY;XX;XY;XY;XY;XX;XY;XY;XX;XY;XY;XY;XY;XX;XY;XY;XX;XX;XY;XY;XY;XY;XY;XY;XX;XY;XY;XX;XY;XY;XY;XY;XY;No Call;XX;XY;XX;XY;XY;XY;XY;XY;XY;XY;XY;No Call;XX;XY;XY;XY;XY;XX;XY;XY;XX;XY;XY;No Call
73;JS17-0970;YY;YY;XY;XX;YY;No Call;YY;XY;XX;XX;XY;YY;YY;YY;XY;YY;XY;XY;XY;YY;YY;YY;XY;XX;YY;YY;YY;XX;XX;YY;XX;XX;XX;XX;XX;XY;XY;XY;YY;XX;XY;XY;YY;XY;XY;YY;XY;YY;XX;XY;XX;XX;XX;XX;XX;YY;XX;XX;YY;XX;XY;YY;YY;No Call;XX;XY;No Call;XX;XX;YY;YY;No Call;XY;XX;YY;XY;YY;XX;XX;XX;XX;XX;No Call;No Call;YY;YY;YY;YY;XY;No Call;XX;XX;No Call;YY;XX;No Call
74;JS17-0970;YY;YY;XY;XX;YY;No Call;YY;XY;XY;XX;XY;YY;XY;YY;XY;YY;XY;YY;XX;YY;YY;YY;XY;XX;YY;YY;YY;XX;XX;YY;XX;XX;XY;XY;XX;XY;XX;XY;No Call;YY;YY;XY;YY;XY;XX;XY;XY;YY;XX;XX;XX;XX;XX;XY;YY;YY;No Call;XX;YY;XX;XX;YY;YY;XY;XX;YY;XX;XX;XX;YY;XX;No Call;YY;XX;YY;XY;YY;No Call;XX;XX;XX;XX;No Call;No Call;YY;YY;YY;YY;XX;YY;No Call;XX;No Call;YY;YY;No Call
61;JS17-0981;No Call;No Call;No Call;No Call;No Call;No Call;No Call;No Call;No Call;No Call;No Call;No Call;No Call;No Call;No Call;No Call;No Call;No Call;No Call;No Call;No Call;No Call;No Call;No Call;No Call;No Call;No Call;No Call;No Call;No Call;No Call;No Call;No Call;No Call;No Call;No Call;No Call;No Call;No Call;No Call;No Call;No Call;No Call;No Call;No Call;No Call;No Call;No Call;No Call;No Call;No Call;No Call;No Call;No Call;No Call;XX;No Call;No Call;No Call;No Call;No Call;No Call;No Call;No Call;No Call;No Call;No Call;No Call;No Call;YY;YY;No Call;No Call;No Call;No Call;No Call;No Call;No Call;No Call;No Call;No Call;No Call;No Call;No Call;No Call;No Call;No Call;No Call;No Call;No Call;No Call;YY;No Call;No Call;No Call;No Call
62;JS17-0981;YY;No Call;No Call;No Call;YY;No Call;No Call;No Call;No Call;No Call;No Call;No Call;No Call;No Call;No Call;No Call;XX;No Call;No Call;No Call;XX;YY;No Call;YY;YY;No Call;No Call;No Call;No Call;No Call;No Call;No Call;No Call;No Call;No Call;No Call;YY;No Call;No Call;No Call;No Call;No Call;YY;No Call;XX;No Call;No Call;No Call;No Call;No Call;No Call;No Call;No Call;No Call;No Call;No Call;No Call;No Call;No Call;YY;No Call;No Call;No Call;No Call;XX;No Call;No Call;No Call;No Call;No Call;No Call;No Call;No Call;XX;No Call;No Call;No Call;No Call;YY;No Call;No Call;No Call;XX;No Call;No Call;No Call;No Call;No Call;No Call;XX;No Call;No Call;No Call;YY;No Call;No Call
49;JS17-0982;No Call;No Call;No Call;No Call;No Call;No Call;No Call;No Call;No Call;No Call;No Call;No Call;No Call;No Call;No Call;No Call;No Call;No Call;No Call;No Call;No Call;No Call;No Call;No Call;No Call;No Call;No Call;No Call;No Call;YY;No Call;No Call;No Call;No Call;XX;No Call;YY;No Call;No Call;No Call;No Call;No Call;No Call;No Call;No Call;No Call;No Call;No Call;No Call;No Call;No Call;No Call;No Call;No Call;No Call;XX;No Call;No Call;No Call;No Call;No Call;No Call;No Call;No Call;No Call;No Call;No Call;No Call;No Call;No Call;No Call;No Call;No Call;No Call;No Call;No Call;No Call;No Call;No Call;No Call;No Call;XX;No Call;No Call;No Call;No Call;No Call;No Call;No Call;No Call;No Call;No Call;No Call;No Call;No Call;No Call
50;JS17-0982;No Call;No Call;No Call;XX;No Call;No Call;No Call;No Call;No Call;No Call;No Call;No Call;No Call;No Call;No Call;XX;No Call;No Call;No Call;YY;No Call;No Call;YY;No Call;YY;No Call;XX;No Call;YY;No Call;No Call;No Call;No Call;No Call;No Call;No Call;No Call;No Call;YY;No Call;No Call;YY;No Call;YY;No Call;No Call;No Call;No Call;No Call;No Call;No Call;No Call;No Call;No Call;No Call;XX;YY;No Call;No Call;No Call;No Call;No Call;No Call;No Call;No Call;No Call;No Call;No Call;XX;No Call;No Call;No Call;No Call;No Call;No Call;No Call;No Call;No Call;No Call;No Call;No Call;No Call;No Call;No Call;No Call;No Call;No Call;YY;No Call;No Call;YY;No Call;YY;YY;No Call;No Call
37;JS17-1016;XX;YY;XX;No Call;No Call;No Call;No Call;XX;No Call;No Call;XY;No Call;YY;XY;No Call;YY;YY;No Call;XX;XX;No Call;No Call;No Call;No Call;No Call;No Call;No Call;XX;No Call;XX;YY;No Call;XX;No Call;No Call;YY;XX;YY;No Call;YY;No Call;No Call;No Call;YY;No Call;YY;YY;No Call;XX;No Call;No Call;YY;YY;XX;XX;YY;XX;No Call;No Call;No Call;YY;XX;YY;No Call;No Call;No Call;XX;No Call;YY;No Call;XX;No Call;No Call;No Call;No Call;No Call;XX;YY;XX;No Call;YY;No Call;No Call;No Call;YY;No Call;XX;YY;YY;No Call;No Call;YY;YY;XX;XX;No Call
38;JS17-1016;YY;YY;No Call;XX;XX;No Call;No Call;No Call;No Call;No Call;No Call;No Call;YY;XX;No Call;No Call;YY;XX;XY;XX;No Call;XY;No Call;No Call;YY;No Call;No Call;No Call;YY;No Call;YY;No Call;No Call;YY;XY;No Call;XX;No Call;No Call;No Call;No Call;XX;XY;YY;YY;No Call;YY;No Call;XX;No Call;No Call;No Call;YY;No Call;XY;YY;XX;No Call;No Call;XX;YY;No Call;No Call;XX;No Call;No Call;XX;No Call;No Call;No Call;No Call;XX;No Call;No Call;No Call;XX;YY;No Call;YY;No Call;YY;XX;No Call;No Call;No Call;No Call;No Call;No Call;No Call;YY;No Call;No Call;No Call;XY;XX;No Call
25;JS17-1025;XX;No Call;No Call;XX;No Call;No Call;No Call;No Call;YY;No Call;No Call;No Call;No Call;No Call;No Call;YY;XX;No Call;YY;No Call;YY;YY;No Call;YY;YY;YY;No Call;YY;No Call;XY;No Call;YY;No Call;No Call;XX;No Call;No Call;XX;No Call;No Call;YY;No Call;XX;No Call;YY;No Call;No Call;No Call;XX;YY;XY;No Call;No Call;YY;XX;No Call;No Call;XX;No Call;No Call;YY;No Call;No Call;XX;No Call;No Call;No Call;No Call;YY;YY;YY;No Call;No Call;XX;No Call;No Call;XX;No Call;XX;No Call;XX;No Call;No Call;No Call;No Call;No Call;No Call;No Call;YY;YY;No Call;YY;No Call;YY;No Call;No Call
26;JS17-1025;XX;YY;No Call;XX;YY;XY;XY;XX;XY;XY;YY;YY;XY;XX;YY;YY;XX;XY;YY;XY;XY;YY;XY;YY;YY;XY;XY;YY;YY;XY;XY;XY;No Call;YY;XY;No Call;YY;YY;YY;XX;YY;XX;XY;YY;YY;XY;XX;XX;XX;XX;XY;XY;XX;XY;XY;XX;XX;XX;XY;XX;YY;YY;YY;XX;No Call;XX;XX;No Call;YY;YY;YY;XX;XY;XX;YY;XY;XX;YY;XX;XX;XY;XY;YY;XX;YY;XY;YY;YY;XX;YY;XY;YY;No Call;YY;YY;XX
13;JS17-1032;XY;YY;XX;YY;YY;XX;XX;XY;XY;XY;YY;XY;XY;XY;XY;XY;XY;XY;YY;XX;XY;XY;XY;YY;YY;XY;XX;XX;YY;XY;XY;XY;YY;YY;XY;XY;YY;YY;XX;XX;YY;XY;XX;XY;YY;YY;YY;XY;XX;XY;YY;XX;YY;YY;XX;XY;YY;XY;XY;XX;XY;YY;XY;XX;XY;XY;XY;YY;YY;XX;XY;No Call;YY;XX;XY;XY;XY;XX;YY;XX;XX;XX;XX;No Call;YY;XY;XX;YY;XX;XY;XX;XY;XY;YY;XY;No Call
14;JS17-1032;XY;YY;XX;YY;YY;XX;XX;XY;XY;XY;YY;XY;XY;XY;XY;XY;XY;XY;YY;XX;XY;XY;XY;YY;YY;XY;XX;XX;YY;XY;XY;XY;YY;YY;XY;XY;YY;YY;XX;XX;YY;XY;XX;XY;YY;YY;YY;XY;XX;XY;YY;XX;YY;YY;XX;XY;YY;XY;XY;XX;XY;YY;XY;XX;XY;XY;XY;YY;YY;XX;XY;No Call;YY;XX;XY;XY;XY;XX;YY;XX;XX;XX;XX;No Call;YY;XY;XX;YY;XX;XY;XX;XY;XY;YY;XY;No Call
01;JS17-1040;No Call;YY;XX;No Call;XX;No Call;YY;XX;No Call;YY;No Call;No Call;YY;No Call;No Call;YY;No Call;XX;XX;XX;YY;No Call;No Call;No Call;YY;YY;No Call;No Call;No Call;No Call;YY;YY;No Call;No Call;No Call;No Call;YY;No Call;YY;XX;YY;XX;No Call;YY;No Call;No Call;No Call;YY;No Call;No Call;No Call;No Call;YY;No Call;No Call;No Call;No Call;No Call;No Call;No Call;No Call;XY;No Call;No Call;No Call;No Call;No Call;YY;YY;YY;XX;No Call;No Call;No Call;XX;No Call;No Call;YY;No Call;No Call;YY;No Call;YY;XX;YY;No Call;No Call;YY;YY;XX;No Call;No Call;No Call;No Call;No Call;XX
02;JS17-1040;XX;No Call;XX;No Call;No Call;XX;No Call;No Call;No Call;No Call;XX;No Call;YY;No Call;No Call;YY;No Call;No Call;XY;XY;No Call;No Call;YY;No Call;No Call;No Call;XX;No Call;No Call;YY;No Call;XY;XX;No Call;XY;YY;YY;YY;YY;YY;XY;No Call;No Call;YY;YY;YY;YY;YY;XX;YY;No Call;YY;No Call;XX;No Call;XX;No Call;YY;YY;No Call;No Call;XX;No Call;No Call;XX;YY;No Call;No Call;No Call;XX;XX;No Call;XX;No Call;No Call;XX;YY;YY;No Call;XY;No Call;No Call;XX;XX;YY;No Call;No Call;YY;No Call;YY;YY;XX;No Call;No Call;XX;No Call
87;JS17-1046;No Call;No Call;No Call;XX;No Call;No Call;No Call;No Call;No Call;XX;No Call;No Call;No Call;No Call;YY;No Call;No Call;No Call;No Call;No Call;No Call;No Call;No Call;No Call;No Call;No Call;No Call;No Call;No Call;No Call;XX;No Call;No Call;No Call;YY;No Call;YY;No Call;No Call;No Call;No Call;No Call;No Call;No Call;No Call;No Call;No Call;No Call;No Call;No Call;No Call;No Call;No Call;No Call;No Call;No Call;No Call;No Call;No Call;XX;No Call;No Call;No Call;XX;No Call;No Call;No Call;No Call;No Call;No Call;YY;No Call;No Call;No Call;No Call;No Call;No Call;No Call;No Call;No Call;No Call;YY;No Call;No Call;No Call;No Call;No Call;No Call;YY;No Call;XX;No Call;No Call;YY;No Call;No Call
88;JS17-1046;No Call;YY;No Call;XX;No Call;No Call;No Call;XX;XY;XX;No Call;YY;No Call;XX;YY;YY;XX;XY;YY;XY;XY;YY;XY;No Call;YY;YY;YY;YY;YY;XY;No Call;YY;No Call;YY;XX;YY;YY;XY;YY;XX;YY;XX;XX;YY;YY;No Call;XX;No Call;XX;YY;XY;No Call;XX;XY;XY;XX;XX;No Call;XY;XX;YY;YY;YY;XX;No Call;XX;XX;No Call;YY;YY;YY;No Call;XY;XX;YY;XX;XX;No Call;XX;XX;YY;No Call;YY;XX;No Call;XY;YY;YY;XX;YY;No Call;YY;YY;YY;YY;XX
75;JS17-1066;YY;XY;XY;XY;XX;XY;XY;XY;XY;XX;XX;YY;XX;XY;XY;YY;XX;XY;XY;XY;XY;XY;XX;YY;YY;YY;XY;XY;XY;XY;YY;XY;XX;XY;XY;XX;XX;XY;XY;YY;XY;XX;XY;XY;XX;XY;XY;YY;XX;YY;XX;XY;XX;XY;XX;XX;XX;XY;XY;XX;YY;YY;XX;YY;XX;XY;XY;XY;XX;XY;YY;XX;XY;XX;XY;XY;XY;YY;XY;XY;XX;XY;XX;XX;YY;YY;YY;YY;XX;YY;XX;XX;YY;YY;YY;XX
76;JS17-1066;YY;XY;XY;XY;XX;XY;XY;XY;XY;XX;XX;YY;XX;XY;XY;YY;XX;XY;XY;XY;XY;XY;XX;YY;YY;YY;XY;XY;XY;XY;YY;XY;XX;XY;XY;XX;XX;XY;XY;YY;XY;XX;XY;XY;XX;XY;XY;YY;XX;YY;XX;XY;XX;XY;XX;XX;XX;XY;XY;XX;YY;YY;XX;YY;XX;XY;XY;XY;XX;XY;YY;XX;XY;XX;XY;XY;XY;YY;XY;XY;XX;XY;XX;XX;YY;YY;YY;YY;XX;YY;XX;XX;YY;YY;YY;XX
63;JS17-1071;No Call;No Call;YY;No Call;No Call;No Call;No Call;No Call;No Call;No Call;XX;YY;XX;YY;No Call;No Call;No Call;No Call;YY;No Call;No Call;XX;XX;No Call;No Call;No Call;No Call;No Call;XX;No Call;No Call;YY;No Call;YY;YY;No Call;No Call;No Call;No Call;No Call;No Call;No Call;XX;YY;No Call;No Call;XX;No Call;No Call;No Call;XX;YY;No Call;No Call;No Call;No Call;YY;No Call;No Call;No Call;XX;XX;XX;No Call;No Call;No Call;No Call;No Call;No Call;No Call;No Call;No Call;YY;No Call;No Call;XX;No Call;No Call;No Call;No Call;No Call;No Call;XY;No Call;YY;No Call;No Call;No Call;XX;No Call;No Call;No Call;No Call;No Call;YY;No Call
64;JS17-1071;XY;YY;YY;YY;No Call;No Call;XX;XX;XX;No Call;XX;YY;No Call;No Call;YY;No Call;XX;No Call;YY;YY;No Call;XX;XX;No Call;XX;No Call;No Call;YY;XX;YY;XY;No Call;XX;No Call;YY;YY;XX;YY;YY;No Call;XX;XX;No Call;No Call;No Call;No Call;No Call;YY;XX;No Call;XX;YY;XX;No Call;XX;YY;XY;YY;XX;No Call;XX;No Call;XX;No Call;XY;XY;XY;No Call;YY;No Call;YY;No Call;No Call;XX;No Call;XX;No Call;XX;XY;XX;No Call;No Call;XX;No Call;YY;YY;YY;YY;XX;YY;XX;XX;YY;No Call;No Call;No Call
51;JS17-1075;XY;YY;XY;YY;XX;XY;YY;XY;XY;XX;XX;XX;XX;YY;XY;YY;XX;XX;XY;XX;YY;YY;XY;No Call;XY;YY;XX;XY;YY;XX;YY;XY;YY;No Call;XX;XX;XY;YY;XY;XY;YY;XX;XX;XX;YY;XX;YY;XY;XX;XX;XY;YY;XY;YY;XY;XX;XY;XY;YY;YY;YY;XX;YY;XY;XX;XX;XX;YY;XY;XY;YY;No Call;YY;XX;XY;XX;YY;XY;XY;YY;XX;XX;XX;No Call;XY;XY;XY;YY;YY;YY;YY;XX;YY;XX;YY;No Call
52;JS17-1075;XY;YY;XY;YY;XX;XY;YY;XY;No Call;XX;XX;XX;XX;YY;XY;YY;XX;XX;XY;XX;YY;YY;XX;YY;YY;YY;XX;XY;YY;XX;YY;XY;No Call;YY;XX;XX;XY;YY;XY;YY;YY;XX;XX;XY;No Call;XX;XY;XY;XX;XY;XY;YY;XY;YY;XY;XX;No Call;No Call;YY;YY;YY;XX;YY;XY;XX;XX;XX;YY;XY;XY;YY;No Call;YY;XX;XY;XX;YY;XY;XY;YY;XX;XY;XX;No Call;XY;XY;XY;YY;YY;YY;XY;XX;YY;XY;YY;No Call
39;JS17-1109;YY;YY;XY;YY;XY;XX;XY;XX;XX;No Call;XY;XX;XX;XY;No Call;XX;XX;YY;XX;XY;XX;XX;YY;YY;YY;XY;YY;XX;YY;XY;XY;YY;YY;XX;XX;XX;YY;YY;XY;YY;YY;XY;XY;XY;XX;YY;XX;XX;XY;XX;XX;YY;YY;YY;XX;XX;XY;XX;XY;XX;YY;XY;YY;XX;XY;YY;XX;XY;XX;YY;YY;No Call;XX;XY;XX;XY;XY;XX;XX;YY;XX;XY;XY;No Call;XX;YY;YY;XY;XX;YY;XX;XY;YY;YY;YY;No Call
40;JS17-1109;YY;YY;XY;YY;XY;XX;XY;XX;XX;XX;XX;XX;XX;XY;XY;XX;XX;YY;XX;XX;XX;XX;YY;XY;YY;XY;YY;XX;YY;XY;XY;YY;YY;XX;XX;XX;YY;YY;XY;YY;YY;XY;XY;XY;XX;YY;XX;No Call;XY;XX;XX;YY;YY;XY;YY;XX;XY;XX;XY;XX;XY;No Call;YY;XX;No Call;YY;XX;No Call;XX;YY;YY;No Call;XX;XY;XX;XY;XY;XX;XX;YY;XY;YY;XY;No Call;XX;YY;XY;XY;XX;YY;XX;XY;YY;YY;YY;No Call
27;JS17-1110;YY;YY;XX;YY;No Call;No Call;XX;No Call;XX;No Call;XY;XX;No Call;XX;XY;No Call;No Call;No Call;XX;YY;No Call;No Call;No Call;No Call;XX;YY;No Call;XX;No Call;No Call;No Call;No Call;XX;No Call;No Call;No Call;No Call;No Call;No Call;No Call;XX;No Call;No Call;YY;No Call;No Call;XX;No Call;YY;No Call;YY;No Call;No Call;No Call;XX;XY;No Call;No Call;XX;No Call;XX;XY;No Call;No Call;No Call;No Call;No Call;No Call;No Call;YY;No Call;No Call;No Call;XX;No Call;No Call;No Call;No Call;XX;XX;No Call;XX;No Call;No Call;YY;YY;XX;No Call;YY;YY;XY;YY;No Call;No Call;No Call;XX
28;JS17-1110;No Call;YY;XX;YY;No Call;XX;YY;No Call;XX;XX;YY;No Call;No Call;XX;No Call;No Call;No Call;No Call;No Call;XX;YY;No Call;XX;YY;No Call;No Call;YY;No Call;No Call;YY;YY;No Call;No Call;YY;YY;YY;XX;YY;YY;No Call;No Call;YY;No Call;No Call;No Call;XX;No Call;No Call;XY;XX;XX;XX;XX;YY;XY;XY;XX;XX;No Call;No Call;XX;No Call;No Call;No Call;XY;YY;No Call;No Call;XX;XY;YY;XX;XX;XX;No Call;No Call;No Call;No Call;YY;No Call;XX;No Call;No Call;XX;YY;No Call;YY;YY;No Call;XX;XX;YY;No Call;No Call;YY;No Call
15;JS17-1112;XY;YY;No Call;No Call;No Call;No Call;No Call;No Call;No Call;No Call;No Call;No Call;No Call;No Call;No Call;YY;No Call;No Call;No Call;YY;XX;No Call;No Call;No Call;XX;No Call;YY;No Call;XX;YY;No Call;No Call;No Call;YY;No Call;No Call;XX;No Call;No Call;No Call;YY;No Call;No Call;No Call;No Call;XX;No Call;No Call;XX;No Call;XX;No Call;XX;No Call;XX;YY;No Call;No Call;No Call;XX;No Call;XX;No Call;No Call;No Call;No Call;No Call;No Call;No Call;No Call;No Call;No Call;XX;No Call;XX;XX;No Call;No Call;No Call;No Call;No Call;No Call;YY;No Call;YY;No Call;No Call;No Call;No Call;No Call;YY;No Call;XX;No Call;No Call;XX
16;JS17-1112;No Call;No Call;No Call;YY;No Call;No Call;No Call;XX;No Call;No Call;No Call;XX;YY;No Call;No Call;No Call;XX;No Call;No Call;YY;No Call;YY;XY;No Call;No Call;No Call;No Call;YY;XX;YY;YY;XX;XX;No Call;No Call;No Call;No Call;No Call;No Call;No Call;XX;No Call;No Call;YY;No Call;No Call;No Call;No Call;No Call;No Call;No Call;No Call;No Call;No Call;No Call;YY;No Call;XX;No Call;XX;No Call;No Call;YY;No Call;No Call;YY;XY;No Call;No Call;No Call;No Call;No Call;No Call;No Call;XX;No Call;No Call;No Call;YY;No Call;No Call;No Call;XX;No Call;No Call;No Call;No Call;YY;No Call;No Call;No Call;No Call;No Call;No Call;No Call;No Call
03;JS17-1114;XX;No Call;XX;XX;No Call;No Call;YY;YY;YY;XX;YY;No Call;XX;YY;YY;No Call;XX;XX;YY;XY;XX;YY;XY;No Call;XY;No Call;No Call;XX;XY;XX;YY;No Call;XX;XX;YY;YY;XY;YY;YY;No Call;No Call;YY;YY;XX;XY;No Call;YY;XY;No Call;YY;XY;XX;YY;YY;XX;XY;No Call;YY;XX;XX;No Call;YY;YY;XX;XX;YY;XX;No Call;XY;YY;No Call;No Call;No Call;No Call;YY;YY;No Call;XX;XX;YY;YY;XX;XX;No Call;YY;No Call;YY;No Call;XX;YY;XX;No Call;YY;XY;XX;No Call
04;JS17-1114;YY;No Call;XX;XX;XX;XX;No Call;XX;No Call;XX;No Call;YY;XX;XX;YY;No Call;XX;XX;YY;XY;XX;No Call;YY;YY;YY;XX;XX;XX;XX;XX;YY;XX;YY;XY;XX;YY;XX;YY;No Call;XX;XY;No Call;YY;XX;No Call;No Call;XY;XX;XX;No Call;YY;No Call;YY;No Call;No Call;YY;YY;No Call;No Call;XX;XX;YY;No Call;No Call;XX;No Call;No Call;XX;YY;YY;XX;No Call;No Call;No Call;YY;YY;No Call;No Call;No Call;YY;XY;XX;YY;No Call;YY;No Call;YY;YY;No Call;YY;XX;XY;No Call;No Call;YY;No Call
89;JS17-1118;XY;YY;No Call;XX;XX;XX;XX;YY;YY;XX;YY;No Call;XY;YY;YY;YY;YY;XX;YY;YY;No Call;YY;No Call;No Call;No Call;No Call;XX;YY;XX;YY;YY;XX;XX;YY;YY;XX;YY;YY;YY;YY;No Call;XX;YY;YY;YY;No Call;No Call;YY;XX;No Call;YY;YY;No Call;XX;YY;XX;XX;YY;XX;YY;No Call;No Call;YY;XX;XX;YY;XX;No Call;XY;YY;YY;No Call;XX;XX;No Call;YY;YY;No Call;XX;YY;No Call;No Call;XY;No Call;YY;No Call;YY;YY;No Call;YY;No Call;No Call;No Call;XX;No Call;XX
90;JS17-1118;XY;YY;YY;XX;XX;XX;XX;YY;YY;YY;XY;No Call;YY;No Call;YY;No Call;XY;No Call;XX;No Call;XX;YY;XX;XX;XX;No Call;No Call;YY;XX;YY;YY;XX;XY;XY;YY;XX;No Call;YY;YY;XY;XY;XX;YY;YY;XY;No Call;XX;No Call;XX;YY;YY;No Call;XX;XX;XY;XY;XX;YY;XX;No Call;XX;XY;No Call;XX;XX;YY;XX;No Call;No Call;YY;YY;No Call;No Call;XX;XY;XX;YY;No Call;XY;XX;XX;YY;XY;No Call;YY;YY;YY;No Call;XX;YY;XY;No Call;YY;XX;No Call;No Call
55;JS17-1121;No Call;No Call;No Call;No Call;No Call;No Call;No Call;No Call;No Call;No Call;No Call;No Call;No Call;No Call;No Call;No Call;No Call;No Call;No Call;No Call;No Call;No Call;No Call;No Call;No Call;No Call;No Call;No Call;No Call;No Call;No Call;No Call;No Call;No Call;No Call;No Call;No Call;No Call;No Call;No Call;No Call;No Call;No Call;No Call;No Call;No Call;No Call;No Call;No Call;No Call;No Call;No Call;No Call;No Call;No Call;No Call;No Call;No Call;No Call;No Call;No Call;No Call;No Call;No Call;No Call;No Call;No Call;No Call;No Call;No Call;No Call;No Call;No Call;No Call;No Call;No Call;No Call;No Call;No Call;No Call;No Call;No Call;No Call;No Call;No Call;No Call;No Call;No Call;No Call;No Call;No Call;No Call;No Call;No Call;No Call;No Call
56;JS17-1121;No Call;No Call;No Call;No Call;No Call;No Call;No Call;No Call;No Call;No Call;No Call;No Call;No Call;No Call;No Call;No Call;No Call;No Call;No Call;No Call;No Call;No Call;No Call;No Call;No Call;No Call;No Call;No Call;No Call;No Call;No Call;No Call;No Call;No Call;No Call;No Call;No Call;No Call;No Call;No Call;No Call;No Call;No Call;No Call;No Call;No Call;No Call;No Call;No Call;No Call;No Call;No Call;No Call;No Call;No Call;No Call;No Call;No Call;No Call;No Call;No Call;No Call;No Call;No Call;No Call;No Call;No Call;No Call;No Call;No Call;No Call;No Call;No Call;No Call;No Call;No Call;No Call;No Call;No Call;No Call;No Call;No Call;No Call;No Call;No Call;No Call;No Call;No Call;No Call;No Call;No Call;No Call;No Call;No Call;No Call;No Call
43;JS17-1122;No Call;No Call;No Call;No Call;No Call;No Call;No Call;No Call;No Call;No Call;No Call;No Call;No Call;No Call;No Call;No Call;No Call;No Call;No Call;No Call;No Call;No Call;No Call;No Call;No Call;No Call;No Call;No Call;No Call;No Call;No Call;No Call;No Call;No Call;No Call;No Call;No Call;No Call;No Call;No Call;No Call;No Call;No Call;No Call;No Call;No Call;No Call;No Call;No Call;No Call;No Call;No Call;No Call;No Call;No Call;No Call;No Call;No Call;No Call;No Call;No Call;No Call;No Call;No Call;No Call;No Call;No Call;No Call;No Call;No Call;No Call;No Call;No Call;No Call;No Call;No Call;No Call;No Call;No Call;No Call;No Call;No Call;No Call;No Call;No Call;No Call;No Call;No Call;No Call;No Call;No Call;No Call;No Call;No Call;No Call;No Call
44;JS17-1122;No Call;No Call;No Call;No Call;No Call;No Call;No Call;No Call;No Call;No Call;No Call;No Call;No Call;No Call;No Call;No Call;No Call;No Call;No Call;No Call;No Call;No Call;No Call;No Call;No Call;No Call;No Call;No Call;No Call;No Call;No Call;No Call;No Call;No Call;No Call;No Call;No Call;No Call;No Call;No Call;No Call;No Call;No Call;No Call;No Call;No Call;No Call;No Call;No Call;No Call;No Call;No Call;No Call;No Call;No Call;No Call;No Call;No Call;No Call;No Call;No Call;No Call;No Call;No Call;No Call;No Call;No Call;No Call;No Call;No Call;No Call;No Call;No Call;No Call;No Call;No Call;No Call;No Call;No Call;No Call;No Call;No Call;No Call;No Call;No Call;No Call;No Call;No Call;No Call;No Call;No Call;No Call;No Call;No Call;No Call;No Call
31;JS17-1123;XY;YY;XY;YY;XY;XX;YY;XY;XY;YY;YY;YY;XX;YY;YY;YY;XX;XY;XX;YY;YY;XY;XY;YY;XY;XY;XX;XY;XY;YY;XY;XY;YY;YY;YY;YY;YY;YY;YY;XX;YY;XX;YY;XY;XY;XY;XX;XY;XY;XY;XX;XX;XX;XY;XY;XY;XX;XY;XX;XX;XX;XY;YY;XY;XX;XY;XX;XX;XY;YY;XY;No Call;XY;XX;YY;XY;XX;XY;XX;XY;XX;YY;XY;No Call;YY;YY;XY;YY;XX;XY;XY;XY;XY;XY;YY;No Call
32;JS17-1123;XY;YY;XY;YY;XY;XX;YY;XY;XY;YY;YY;YY;XX;YY;YY;YY;XX;XY;XX;YY;YY;XY;XY;YY;XY;XY;XX;XY;XY;YY;XY;XY;YY;YY;YY;YY;YY;YY;YY;XX;YY;XX;YY;XY;XY;XY;XX;XY;XY;XY;XX;XX;XX;XY;XY;XY;XX;XY;XX;XX;XX;XY;YY;XY;XX;XY;XX;XX;XY;YY;XY;No Call;XY;XX;YY;XY;XX;XY;XX;XY;XX;YY;XY;No Call;YY;YY;XY;YY;XX;XY;XY;XY;XY;XY;YY;No Call
19;JS17-1124;YY;YY;XX;XY;XY;XY;XY;XY;XY;XY;XY;YY;XY;XX;YY;XY;YY;XY;XY;YY;XY;XX;YY;YY;YY;XY;XY;XY;YY;YY;XY;XX;XY;XY;XY;XX;XY;XY;XY;XX;XY;XX;YY;XY;YY;XY;XY;XX;XX;XY;XX;XX;YY;XY;XX;YY;XX;XY;XX;XX;XX;YY;YY;XY;XX;XY;XY;XX;XX;XY;YY;XX;XY;XX;XY;XY;XX;XY;YY;XX;YY;YY;XX;XX;YY;YY;XY;XY;XX;YY;XX;YY;XY;XY;YY;XX
20;JS17-1124;YY;YY;XX;XY;XY;XY;XY;XY;XY;XY;XY;YY;XY;XX;YY;XY;YY;XY;XY;YY;XY;XX;YY;YY;YY;XY;XY;XY;YY;YY;XY;XX;XY;XY;XY;XX;XY;XY;XY;XX;XY;XX;YY;XY;YY;XY;XY;XX;XX;XY;XX;No Call;YY;XY;XX;YY;XX;XY;XX;XX;XX;YY;YY;XY;XX;XY;XY;XX;XX;XY;YY;XX;XY;XX;XY;XY;XX;XY;YY;XX;YY;YY;XX;XX;YY;YY;XY;XY;XX;YY;XX;YY;XY;XY;YY;XX
07;JS17-1125;XX;YY;XY;YY;XY;XY;XX;XY;YY;YY;YY;XX;YY;XY;YY;XY;XY;XY;XX;YY;XY;XY;XY;YY;XY;XY;YY;XX;XX;XY;YY;XX;YY;YY;XY;YY;XY;XX;YY;XX;YY;XY;YY;YY;XX;XX;XY;YY;XY;XX;XY;XY;YY;XY;XY;XY;XY;YY;XX;XX;XX;XY;YY;XX;XX;YY;XX;XY;XX;YY;YY;XX;XY;XY;YY;XY;XX;YY;YY;YY;XY;XY;XY;XX;YY;XX;XX;XY;YY;YY;XX;XX;YY;XY;XX;XX
08;JS17-1125;XX;YY;XY;YY;XY;XY;XX;XY;YY;YY;YY;XX;YY;XY;YY;XY;XY;XY;XX;YY;XY;XY;XY;YY;XY;XY;YY;XX;XX;XY;YY;XX;YY;YY;XY;YY;XY;XX;YY;XX;YY;XY;YY;YY;XX;XX;XY;YY;XY;XX;XY;XY;YY;XY;XY;XY;XY;YY;XX;XX;XX;XY;YY;XX;XX;YY;XX;XY;XX;YY;YY;XX;XY;XY;YY;XY;XX;YY;YY;YY;XY;XY;XY;XX;YY;XX;XX;XY;YY;YY;XX;XX;YY;XY;XX;XX
83;JS17-1126;XX;YY;XY;YY;XY;XY;XX;XY;YY;YY;YY;XX;YY;XY;YY;No Call;XY;XY;XX;YY;XY;XY;XY;YY;XY;XY;YY;XX;XX;XY;YY;XX;YY;YY;XY;YY;XY;XX;YY;XX;YY;XY;YY;YY;XX;XX;XX;YY;XY;XX;XY;XY;YY;XY;XY;XY;XY;YY;XX;XX;XX;XY;YY;No Call;XX;YY;XX;No Call;XX;YY;YY;XX;XY;XY;YY;XY;XX;YY;YY;YY;XX;XY;XY;XX;YY;XX;XX;XY;YY;YY;XX;XX;YY;XY;XX;XX
84;JS17-1126;XX;YY;No Call;YY;No Call;XY;XX;XY;YY;YY;YY;XX;YY;XY;YY;XY;XY;XY;XX;YY;XY;XY;XY;YY;XY;XY;YY;XX;XX;XY;YY;XX;YY;YY;XY;YY;XY;XX;YY;XX;YY;XY;YY;YY;XX;XX;XY;YY;XY;XX;XY;XY;YY;XY;XY;XY;XY;YY;XX;XX;XX;XY;YY;XX;XX;YY;XX;XY;XX;YY;YY;XX;XY;XX;YY;XY;XX;YY;YY;YY;XY;No Call;XY;XX;YY;XX;XX;XY;YY;YY;XX;XX;YY;XY;XX;XX
71;JS17-1127;XY;YY;XX;XY;XY;XY;XY;XY;YY;XY;YY;XY;XY;XY;YY;YY;YY;XY;XY;YY;XX;XX;XY;XY;XY;XY;XY;YY;XY;XY;YY;XX;XY;XY;XY;XY;YY;YY;YY;XX;YY;XX;XY;YY;XY;XY;YY;XY;XX;XX;XY;XX;XY;XX;XY;YY;XY;YY;YY;YY;XY;XY;YY;XX;XY;YY;XX;XY;XY;XY;YY;No Call;XY;XX;XY;XY;XY;YY;XY;YY;XY;XY;XX;No Call;YY;YY;XY;YY;XY;XY;XX;XX;XY;XY;XY;No Call
72;JS17-1127;XY;YY;XX;XY;XY;XY;XY;XY;YY;XY;YY;XY;XY;XY;YY;YY;YY;XY;XY;YY;XX;XX;XY;XY;XY;XY;XY;YY;XY;XY;YY;XX;XY;XY;XY;XY;YY;YY;YY;XX;YY;XX;XY;YY;XY;XY;YY;XY;XX;XX;XY;XX;XY;XX;XY;YY;XY;YY;YY;YY;XY;XY;YY;XX;XY;YY;XX;XY;XY;XY;YY;No Call;XY;XX;XY;XY;XY;YY;XY;YY;XY;XY;XX;No Call;YY;YY;XY;YY;XY;XY;XX;XX;XY;XY;XY;No Call
59;JS17-1128;XX;YY;XX;XX;XY;XY;XY;XX;YY;XY;YY;YY;XY;XY;XY;YY;YY;XY;XX;YY;XY;XY;XY;XX;XX;YY;XX;XX;XY;XY;XY;XX;YY;XY;XY;XX;XY;YY;YY;XX;YY;XY;XY;XX;YY;XY;XY;XX;XY;XY;YY;XY;XY;YY;YY;XY;YY;YY;XY;XY;XY;YY;XY;XY;XX;XY;XY;XX;XX;YY;XY;No Call;XX;XX;XY;XY;XX;YY;YY;XY;XY;YY;XY;No Call;XY;XY;YY;YY;XX;YY;XY;XY;XY;XY;YY;No Call
60;JS17-1128;XX;YY;XX;XX;XY;XY;XY;XX;YY;XY;YY;YY;XY;XY;XY;YY;YY;XY;XX;YY;XY;XY;XY;XX;XX;YY;XX;XX;XY;XY;XY;XX;YY;XY;XY;XX;XY;YY;YY;XX;YY;XY;XY;XX;YY;XY;XY;XX;XY;XY;YY;XY;XY;YY;YY;XY;YY;YY;XY;XY;XY;YY;XY;XY;XX;XY;XY;XX;XX;YY;XY;No Call;XX;XX;XY;XY;XX;YY;YY;XY;XY;YY;XY;No Call;XY;XY;YY;YY;XX;YY;XY;XY;XY;XY;YY;No Call
47;JS17-1129;XY;YY;XX;XY;YY;XX;XY;XX;XY;XX;YY;YY;XY;XY;YY;YY;YY;XY;XX;YY;YY;XX;XX;XX;XX;XY;XX;XY;XX;XY;XY;XX;XY;YY;YY;XX;YY;YY;YY;YY;YY;XY;YY;XX;YY;XX;XX;XX;YY;XY;XY;XX;YY;YY;YY;XX;YY;XY;YY;YY;YY;YY;XY;XX;XX;XY;XY;XX;XX;YY;YY;XX;XX;XX;YY;YY;XX;XY;XY;XY;XY;XX;XY;XX;YY;YY;XY;YY;XX;XY;XX;XY;YY;XY;YY;XX
48;JS17-1129;XY;YY;XX;XY;YY;XX;XY;XX;XY;XX;YY;YY;XY;XY;YY;YY;YY;XY;XX;YY;YY;XX;XX;XX;XX;XY;XX;XY;XX;XY;XY;XX;XY;YY;YY;XX;YY;YY;YY;YY;YY;XY;YY;XX;YY;XX;XX;XX;YY;XY;XY;XX;YY;YY;YY;XX;YY;XY;YY;YY;YY;YY;XY;XX;XX;XY;XY;XX;XX;YY;YY;XX;XX;XX;YY;YY;XX;XY;XY;XY;XY;XX;XY;XX;YY;YY;XY;YY;XX;XY;XX;XY;YY;XY;YY;XX
35;JS17-1130;XY;YY;XX;XX;XY;XX;XY;XX;YY;XY;XX;YY;XY;XY;YY;XY;YY;YY;XX;YY;XY;XX;YY;XX;XX;XY;XY;XY;XY;YY;XX;XX;XY;XY;XY;XX;YY;YY;YY;XY;YY;YY;YY;XX;YY;XX;XX;YY;XY;XY;XY;XX;XY;XY;YY;YY;YY;YY;YY;XY;XY;YY;XY;XX;XX;XX;XX;XX;XX;YY;YY;No Call;XX;XX;XY;YY;XY;XX;XY;XY;XY;XY;XX;No Call;YY;XY;XX;XY;XX;XY;XY;XX;XY;YY;YY;No Call
36;JS17-1130;XY;YY;XX;XX;XY;XX;XY;XX;YY;XY;No Call;YY;XY;XY;YY;XY;YY;YY;XX;YY;XY;XX;YY;XX;XX;XY;XY;XY;XY;YY;XX;XX;XY;XY;XY;XX;YY;YY;YY;XY;YY;YY;YY;XX;YY;XX;XX;YY;XY;XY;XY;XX;XY;XY;YY;YY;YY;YY;YY;XY;XY;YY;XY;XX;XX;XX;XX;XX;XX;YY;YY;No Call;XX;XX;XY;YY;XY;XX;XY;XY;XY;XY;XX;No Call;YY;XY;XX;XY;XX;XY;XY;XX;XY;YY;YY;No Call
77;JS17-1232;YY;XY;YY;XY;XX;XX;XY;XY;XY;XX;XY;YY;No Call;XX;XY;XY;XY;XY;YY;YY;XX;XY;XY;XX;YY;XX;XX;XX;XX;XY;YY;XY;YY;YY;XY;XY;YY;XY;YY;XX;YY;XX;YY;XX;XY;YY;YY;XX;XY;XY;XY;XX;YY;YY;XX;YY;XX;XY;No Call;XX;XX;XY;XX;XX;XX;XX;XY;XX;XY;YY;YY;No Call;XX;XX;XY;XY;XY;XY;XX;XX;YY;YY;YY;No Call;XY;XY;XY;YY;XX;XY;XX;YY;XX;YY;XY;No Call
78;JS17-1232;YY;XY;YY;XY;XX;XX;XY;XY;XY;XX;XY;YY;XX;XX;XY;XY;XY;XY;XY;YY;XX;XY;XY;XY;YY;XX;XY;XY;XX;XY;XY;XY;YY;YY;XY;XY;YY;XY;YY;XX;YY;XX;YY;XX;XY;YY;YY;XX;XY;XY;XY;XX;YY;YY;XX;YY;XX;XY;XX;XX;XX;XY;XX;XX;XX;XY;XY;XX;XY;YY;YY;No Call;XX;XX;XX;XY;XY;XY;XX;XX;YY;YY;YY;No Call;XY;XY;XY;YY;XX;XY;XX;YY;XX;YY;XY;No Call
93;JS17-1232-rr;YY;XY;YY;XX;XX;XX;XY;XY;XX;XX;XY;YY;XX;No Call;XY;No Call;XY;No Call;XX;YY;XX;XX;XY;No Call;YY;XX;XX;XX;XX;XX;XY;XY;No Call;YY;YY;YY;No Call;XX;YY;XX;YY;XX;YY;No Call;XY;YY;No Call;XX;XY;XY;YY;XX;YY;YY;XX;YY;No Call;YY;XX;XX;XX;No Call;XX;XX;XX;YY;XY;XX;XY;YY;YY;No Call;XX;XX;YY;XX;XX;No Call;XX;XX;YY;YY;YY;No Call;XX;No Call;XY;YY;No Call;XX;XX;YY;XX;YY;XY;No Call
94;JS17-1232-rr;YY;XY;YY;YY;XX;XX;YY;No Call;YY;No Call;XX;No Call;XX;XX;XY;YY;YY;XY;XY;YY;XX;YY;YY;XY;YY;XX;XX;XY;XX;XX;XY;XX;YY;YY;XY;XY;YY;No Call;YY;XX;YY;XX;YY;XX;No Call;YY;YY;XX;XX;No Call;XY;XX;YY;YY;XX;YY;XX;XY;XX;XX;XX;XY;XX;XX;XX;XY;No Call;XX;XX;YY;YY;No Call;XX;XX;XX;XX;XY;YY;XX;XX;YY;YY;YY;No Call;XX;YY;XY;No Call;XX;No Call;XX;YY;XX;YY;YY;No Call
65;JS17-1233;YY;XY;YY;XY;XX;XX;XY;XY;XY;XX;XY;YY;XX;XX;XY;XY;XY;XY;XY;YY;XX;XY;XY;XY;YY;XX;XY;XY;XX;XY;XY;XY;YY;YY;XY;XY;YY;XY;YY;XX;YY;XX;YY;XX;XY;YY;YY;XX;XY;XY;XY;XX;YY;YY;XX;YY;XX;XY;XX;XX;XX;XY;XX;XX;XX;XY;XY;XX;XY;YY;YY;No Call;XX;XX;XY;XY;XY;XY;XX;XX;YY;YY;YY;No Call;XY;XY;XY;YY;XX;XY;XX;YY;XX;YY;XY;No Call
66;JS17-1233;YY;XY;YY;XY;XX;XX;XY;XY;XY;XX;XY;YY;XX;XX;XY;XY;XY;XY;XY;YY;XX;XY;XY;XY;YY;XX;XY;XY;XX;XY;XY;XY;YY;YY;XY;XY;YY;XY;YY;XX;YY;XX;YY;XX;XY;YY;YY;XX;XY;XY;XY;XX;YY;YY;XX;YY;XX;XY;XX;XX;XX;XY;XX;XX;XX;XY;XY;XX;XY;YY;YY;No Call;XX;XX;XY;XY;XY;XY;XX;XX;YY;YY;YY;No Call;XY;XY;XY;YY;XX;XY;XX;YY;XX;YY;XY;No Call
81;JS17-1233-rr;YY;XY;YY;XY;XX;XX;XY;XY;XY;XX;XY;YY;XX;XX;XY;XY;XY;XY;XY;YY;XX;XY;XY;XY;YY;XX;XY;XY;XX;XY;XY;XY;YY;YY;XY;XY;YY;XY;YY;XX;YY;XX;YY;XX;XY;YY;YY;XX;XY;XY;XY;XX;YY;YY;XX;YY;XX;XY;XX;XX;XX;XY;XX;XX;XX;XY;XY;XX;XY;YY;YY;No Call;XX;XX;XY;XY;XY;XY;XX;XX;YY;YY;YY;No Call;XY;XY;XY;YY;XX;XY;XX;YY;XX;YY;XY;No Call
82;JS17-1233-rr;YY;XY;YY;XY;XX;XX;XY;XY;XY;XX;XY;YY;XX;XX;XY;XY;XY;XY;XY;YY;XX;XY;XY;XY;YY;XX;XY;XY;XX;XY;XY;XY;YY;YY;XY;XY;YY;XY;YY;XX;YY;XX;YY;XX;XY;YY;YY;XX;XY;XY;XY;XX;YY;YY;XX;YY;XX;XY;XX;XX;XX;XY;XX;XX;XX;XY;XY;XX;XY;YY;YY;No Call;XX;XX;XY;XY;XY;XY;XX;XX;YY;YY;YY;No Call;XY;XY;XY;YY;XX;XY;XX;YY;XX;YY;XY;No Call
53;JS17-1234;No Call;No Call;No Call;No Call;No Call;No Call;No Call;No Call;No Call;No Call;XX;No Call;No Call;No Call;No Call;No Call;YY;No Call;No Call;No Call;No Call;No Call;No Call;No Call;No Call;No Call;No Call;No Call;No Call;No Call;No Call;No Call;No Call;No Call;No Call;No Call;No Call;No Call;No Call;No Call;No Call;No Call;XX;XX;No Call;No Call;No Call;No Call;No Call;No Call;No Call;No Call;No Call;No Call;No Call;No Call;No Call;No Call;No Call;No Call;YY;No Call;No Call;No Call;No Call;No Call;No Call;No Call;No Call;No Call;No Call;No Call;No Call;No Call;No Call;No Call;No Call;No Call;No Call;No Call;No Call;No Call;No Call;No Call;No Call;No Call;No Call;No Call;No Call;No Call;No Call;No Call;No Call;XX;No Call;No Call
54;JS17-1234;No Call;YY;No Call;No Call;No Call;No Call;No Call;YY;No Call;No Call;No Call;No Call;YY;No Call;No Call;No Call;No Call;No Call;No Call;No Call;No Call;No Call;No Call;No Call;No Call;No Call;No Call;XX;No Call;No Call;No Call;No Call;No Call;No Call;No Call;XX;No Call;No Call;No Call;No Call;No Call;No Call;No Call;No Call;No Call;No Call;No Call;YY;No Call;No Call;YY;No Call;No Call;No Call;No Call;XX;No Call;No Call;No Call;YY;No Call;No Call;No Call;No Call;No Call;No Call;XX;No Call;No Call;No Call;No Call;No Call;No Call;No Call;No Call;YY;No Call;No Call;No Call;No Call;No Call;XX;YY;No Call;No Call;YY;YY;No Call;XX;No Call;No Call;No Call;No Call;No Call;No Call;No Call
69;JS17-1234-rr;No Call;No Call;XX;No Call;No Call;No Call;No Call;No Call;No Call;No Call;No Call;XX;No Call;XX;No Call;No Call;XX;No Call;No Call;No Call;No Call;No Call;No Call;No Call;No Call;No Call;No Call;No Call;No Call;No Call;No Call;No Call;XX;No Call;No Call;No Call;No Call;No Call;YY;No Call;No Call;No Call;XX;No Call;No Call;No Call;No Call;No Call;No Call;No Call;No Call;No Call;No Call;No Call;No Call;No Call;No Call;No Call;No Call;No Call;No Call;No Call;No Call;No Call;XX;No Call;No Call;YY;XX;No Call;No Call;No Call;No Call;No Call;No Call;No Call;No Call;No Call;No Call;No Call;No Call;No Call;No Call;No Call;No Call;No Call;No Call;No Call;No Call;No Call;No Call;No Call;No Call;No Call;No Call;No Call
70;JS17-1234-rr;No Call;No Call;No Call;No Call;No Call;No Call;No Call;No Call;No Call;No Call;No Call;No Call;No Call;No Call;No Call;XX;No Call;No Call;No Call;No Call;YY;No Call;No Call;No Call;No Call;YY;YY;XX;No Call;No Call;No Call;No Call;No Call;No Call;YY;No Call;No Call;No Call;No Call;No Call;XX;No Call;No Call;No Call;No Call;No Call;No Call;No Call;No Call;No Call;No Call;No Call;No Call;No Call;No Call;XX;No Call;YY;YY;YY;No Call;XX;No Call;No Call;No Call;No Call;XX;YY;No Call;No Call;No Call;No Call;No Call;XX;No Call;No Call;XX;No Call;No Call;No Call;No Call;No Call;No Call;No Call;No Call;No Call;No Call;No Call;XX;No Call;No Call;No Call;No Call;XX;No Call;No Call
41;JS17-1235;XX;YY;XX;XY;XY;XX;XY;XY;YY;YY;XY;XY;XY;XX;XY;XY;XY;XY;XX;XY;XY;XX;YY;XY;XY;XY;XY;XY;XY;XY;YY;XY;XY;YY;YY;XX;XY;XY;YY;XX;XX;XY;XY;XY;XX;YY;XY;XY;XX;YY;XY;XY;YY;XX;XY;XX;YY;YY;YY;XY;YY;XY;YY;XX;XX;XY;XX;YY;XX;XY;YY;No Call;XX;XX;XX;YY;XX;YY;YY;XX;XY;XX;YY;No Call;YY;YY;YY;XX;XX;XY;XX;YY;XY;XY;YY;No Call
42;JS17-1235;XX;YY;XX;XY;XY;XX;XY;XY;YY;YY;XY;XY;XY;XX;XY;XY;XY;XY;XX;XY;XY;XX;YY;XY;XY;XY;XY;XY;XY;XY;YY;XY;XY;YY;YY;XX;XY;XY;YY;XX;XX;XY;XY;XY;XX;YY;XY;XY;XX;YY;XY;XY;YY;XX;XY;XX;YY;YY;YY;XY;YY;XY;YY;XX;XX;XY;XX;YY;XX;XY;YY;No Call;XX;XX;XX;YY;XX;YY;YY;XX;XY;XX;YY;No Call;YY;YY;YY;XX;XX;XY;XX;YY;XY;XY;YY;No Call
57;JS17-1235-rr;XX;YY;XX;XY;XY;XX;XY;XY;YY;YY;XY;XY;XY;XX;XY;XY;XY;XY;XX;XY;XY;XX;YY;XY;XY;XY;XY;XY;XY;XY;YY;XY;XY;YY;YY;XX;XY;XY;YY;XX;XX;XY;XY;XY;XX;YY;XY;XY;XX;YY;XY;XY;YY;XX;XY;XX;YY;YY;YY;XY;YY;XY;YY;XX;XX;XY;XX;YY;XX;XY;YY;No Call;XX;XX;XX;YY;XX;YY;YY;XX;XY;XX;YY;No Call;YY;YY;YY;XX;XX;XY;XX;YY;XY;XY;YY;No Call
58;JS17-1235-rr;XX;YY;XX;XY;XY;XX;XY;XY;YY;YY;XY;XY;XY;XX;XY;XY;XY;XY;XX;XY;XY;XX;YY;XY;XY;XY;XY;XY;XY;XY;YY;XY;XY;YY;YY;XX;XY;XY;YY;XX;XX;XY;XY;XY;No Call;YY;XY;XY;XX;YY;XY;XY;YY;XX;XY;XX;YY;YY;YY;XY;YY;XY;YY;XX;XX;XY;XX;YY;XX;XY;YY;No Call;XX;XX;XX;YY;XX;YY;YY;XX;XY;XX;YY;No Call;YY;YY;YY;XX;XX;XY;XX;YY;XY;XY;YY;No Call
29;JS17-1236;No Call;No Call;No Call;XX;No Call;XX;YY;No Call;No Call;No Call;No Call;No Call;XX;No Call;No Call;No Call;No Call;No Call;No Call;YY;YY;No Call;YY;No Call;XX;No Call;YY;No Call;No Call;No Call;No Call;YY;No Call;No Call;YY;XX;XX;No Call;No Call;No Call;XX;XX;XX;No Call;XX;YY;No Call;YY;No Call;No Call;No Call;No Call;No Call;XX;No Call;No Call;No Call;No Call;No Call;No Call;No Call;No Call;No Call;No Call;No Call;No Call;XX;YY;No Call;No Call;YY;No Call;XX;XX;No Call;No Call;XX;YY;No Call;No Call;No Call;XX;No Call;No Call;YY;No Call;YY;No Call;XX;No Call;No Call;No Call;No Call;YY;No Call;No Call
30;JS17-1236;No Call;YY;No Call;No Call;XY;No Call;XX;YY;YY;No Call;XX;No Call;XX;No Call;YY;YY;No Call;No Call;XX;No Call;No Call;XX;No Call;YY;YY;No Call;XX;No Call;YY;No Call;YY;No Call;No Call;No Call;YY;No Call;XX;XX;No Call;XX;No Call;No Call;No Call;No Call;XX;YY;YY;No Call;No Call;YY;YY;No Call;YY;XX;YY;No Call;YY;No Call;No Call;YY;No Call;XX;No Call;No Call;XX;No Call;No Call;YY;XX;No Call;YY;No Call;XX;No Call;XX;YY;XX;YY;YY;No Call;No Call;XX;No Call;No Call;YY;No Call;YY;XX;No Call;No Call;XX;YY;XY;No Call;No Call;No Call
45;JS17-1236-rr;XX;No Call;No Call;No Call;XX;No Call;XX;YY;No Call;No Call;No Call;YY;No Call;No Call;No Call;YY;No Call;No Call;No Call;No Call;No Call;XX;YY;No Call;XX;XX;No Call;YY;YY;No Call;YY;No Call;No Call;No Call;YY;XX;No Call;No Call;YY;No Call;XX;No Call;XX;No Call;No Call;No Call;No Call;No Call;No Call;No Call;YY;No Call;No Call;XX;YY;XX;No Call;YY;YY;No Call;No Call;No Call;No Call;XX;No Call;No Call;No Call;No Call;XX;No Call;YY;No Call;No Call;No Call;No Call;No Call;No Call;No Call;YY;XX;No Call;XX;No Call;No Call;No Call;YY;No Call;XX;XX;No Call;XX;No Call;No Call;No Call;No Call;No Call
46;JS17-1236-rr;No Call;No Call;XX;No Call;XX;No Call;XX;XX;YY;No Call;No Call;No Call;YY;XX;No Call;No Call;XX;No Call;XX;XX;YY;No Call;No Call;No Call;YY;No Call;No Call;YY;No Call;No Call;No Call;No Call;No Call;No Call;No Call;No Call;No Call;XX;No Call;XX;No Call;No Call;No Call;XX;No Call;No Call;YY;No Call;No Call;YY;No Call;No Call;No Call;No Call;No Call;No Call;YY;YY;No Call;XY;No Call;YY;No Call;XX;No Call;XX;No Call;No Call;No Call;XX;No Call;No Call;XX;XX;No Call;No Call;No Call;No Call;No Call;No Call;YY;No Call;No Call;No Call;No Call;No Call;No Call;XX;No Call;No Call;No Call;YY;No Call;YY;No Call;No Call
17;JS17-1237;YY;XY;YY;XY;XX;XX;XY;XY;XY;XX;XY;YY;XX;XX;XY;XY;XY;XY;XY;YY;XX;XY;XY;XY;YY;XX;XY;XY;XX;XY;XY;XY;YY;YY;XY;XY;YY;XY;YY;XX;YY;XX;YY;XX;XY;YY;YY;XX;XY;XY;XY;XX;YY;YY;XX;YY;XX;XY;XX;XX;XX;XY;XX;XX;XX;XY;XY;XX;XY;YY;YY;No Call;XX;XX;XY;XY;XY;XY;XX;XX;YY;YY;YY;No Call;XY;XY;XY;YY;XX;XY;XX;YY;XX;YY;XY;No Call
18;JS17-1237;YY;XY;YY;XY;XX;XX;XY;XY;XY;XX;XY;YY;XX;XX;XY;XY;XY;XY;XY;YY;XX;XY;XY;XY;YY;XX;XY;XY;XX;XY;XY;XY;YY;YY;XY;XY;YY;XY;YY;XX;YY;XX;YY;XX;XY;YY;YY;XX;XY;XY;XY;XX;YY;YY;XX;YY;XX;XY;XX;XX;XX;XY;XX;XX;XX;XY;XY;XX;XY;YY;YY;No Call;XX;XX;XY;XY;XY;XY;XX;XX;YY;YY;YY;No Call;XY;XY;XY;YY;XX;XY;XX;YY;XX;YY;XY;No Call
33;JS17-1237-rr;YY;XY;YY;XY;XX;XX;XY;XY;XY;XX;XY;YY;XX;XX;XY;XY;XY;XY;XY;YY;XX;XY;XY;XY;YY;XX;XY;XY;XX;XY;XY;XY;YY;YY;XY;XY;YY;XY;YY;XX;YY;XX;YY;XX;XY;YY;YY;XX;XY;XY;XY;XX;YY;YY;XX;YY;XX;XY;XX;XX;XX;XY;XX;XX;XX;XY;XY;XX;XY;YY;YY;No Call;XX;XX;XY;XY;XY;XY;XX;XX;YY;YY;YY;No Call;XY;XY;XY;YY;XX;XY;XX;YY;XX;YY;XY;No Call
34;JS17-1237-rr;YY;XY;YY;XY;XX;XX;XY;XY;XY;XX;XY;YY;XX;XX;XY;XY;XY;XY;XY;YY;XX;XY;XY;XY;YY;XX;XY;XY;XX;XY;XY;XY;YY;YY;XY;XY;YY;XY;YY;XX;YY;XX;YY;XX;XY;YY;YY;XX;XY;XY;XY;XX;YY;YY;XX;YY;XX;XY;XX;XX;XX;XY;XX;XX;XX;XY;XY;XX;XY;YY;YY;No Call;XX;XX;XY;XY;XY;XY;XX;XX;YY;YY;YY;No Call;XY;XY;XY;YY;XX;XY;XX;YY;XX;YY;XY;No Call
05;JS17-1238;YY;XY;YY;XY;XX;XX;XY;XY;XY;XX;XY;YY;XX;XX;XY;XY;XY;XY;XY;YY;XX;XY;XY;XY;YY;XX;XY;XY;XX;XY;XY;XY;YY;YY;XY;XY;YY;XY;YY;XX;YY;XX;YY;XX;XY;YY;YY;XX;XY;XY;XY;XX;YY;YY;XX;YY;XX;XY;XX;XX;XX;XY;XX;XX;XX;XY;XY;XX;XY;YY;YY;No Call;XX;XX;XY;XY;XY;XY;XX;XX;YY;YY;YY;No Call;XY;XY;XY;YY;XX;XY;XX;YY;XX;YY;XY;No Call
06;JS17-1238;YY;XY;YY;XY;XX;XX;XY;XY;XY;XX;XY;YY;XX;XX;XY;XY;XY;XY;XY;YY;XX;XY;XY;XY;YY;XX;XY;XY;XX;XY;XY;XY;YY;YY;XY;XY;YY;XY;YY;XX;YY;XX;YY;XX;XY;YY;YY;XX;XY;XY;XY;XX;YY;YY;XX;YY;XX;XY;XX;XX;XX;XY;XX;XX;XX;XY;XY;XX;XY;YY;YY;No Call;XX;XX;XY;XY;XY;XY;XX;XX;YY;YY;YY;No Call;XY;XY;XY;YY;XX;XY;XX;YY;XX;YY;XY;No Call
21;JS17-1238-rr;YY;XY;YY;XY;XX;XX;XY;XY;XY;XX;XY;YY;XX;XX;XY;XY;XY;XY;XY;YY;XX;XY;XY;XY;YY;XX;XY;XY;XX;XY;XY;XY;YY;YY;XY;XY;YY;XY;YY;XX;YY;XX;YY;XX;XY;YY;YY;XX;XY;XY;XY;XX;YY;YY;XX;YY;XX;XY;XX;XX;XX;XY;XX;XX;XX;XY;XY;XX;XY;YY;YY;No Call;XX;XX;XY;XY;XY;XY;XX;XX;YY;YY;YY;No Call;XY;XY;XY;YY;XX;XY;XX;YY;XX;YY;XY;No Call
22;JS17-1238-rr;YY;XY;YY;XY;XX;XX;XY;XY;XY;XX;XY;YY;XX;XX;XY;XY;XY;XY;XY;YY;XX;XY;XY;XY;YY;XX;XY;XY;XX;XY;XY;XY;YY;YY;XY;XY;YY;XY;YY;XX;YY;XX;YY;XX;XY;YY;YY;XX;XY;XY;XY;XX;YY;YY;XX;YY;XX;XY;XX;XX;XX;XY;XX;XX;XX;XY;XY;XX;XY;YY;YY;No Call;XX;XX;XY;XY;XY;XY;XX;XX;YY;YY;YY;No Call;XY;XY;XY;YY;XX;XY;XX;YY;XX;YY;XY;No Call
91;JS17-1239;XX;YY;XX;XY;XY;XX;XY;XY;YY;YY;XY;XY;XY;XX;XY;XY;XY;XY;XX;XY;XY;XX;YY;XY;XY;XY;XY;XY;XY;XY;YY;XY;XY;YY;YY;XX;XY;XY;YY;XX;XX;XY;XY;XY;XX;YY;XY;XY;XX;YY;XY;XY;YY;XX;XY;XX;YY;YY;YY;XY;YY;XY;YY;XX;XX;XY;XX;YY;XX;XY;YY;No Call;XX;XX;XX;YY;XX;YY;YY;XX;XY;XX;YY;No Call;YY;YY;YY;XX;XX;XY;XX;YY;XY;XY;YY;No Call
92;JS17-1239;XX;YY;XX;XY;XY;XX;XY;XY;YY;YY;XY;XY;XY;XX;XY;XY;XY;XY;XX;XY;XY;XX;YY;XY;XY;XY;XY;XY;XY;XY;YY;XY;XY;YY;YY;XX;XY;XY;YY;XX;XX;XY;XY;XY;XX;YY;XY;XY;XX;YY;XY;XY;YY;XX;XY;XX;YY;YY;YY;XY;YY;XY;YY;XX;XX;XY;XX;YY;XX;XY;YY;No Call;XX;XX;XX;YY;XX;YY;YY;XX;XY;XX;YY;No Call;YY;YY;YY;XX;XX;XY;XX;YY;XY;XY;YY;No Call
09;JS17-1239-rr;XX;YY;XX;XY;XY;XX;XY;XY;YY;YY;XY;XY;XY;XX;XY;XY;XY;XY;XX;XY;XY;XX;YY;XY;XY;XY;XY;XY;XY;XY;YY;XY;XY;YY;YY;XX;XY;XY;YY;XX;XX;XY;XY;XY;No Call;YY;XY;XY;XX;YY;XY;XY;YY;XX;XY;XX;YY;YY;YY;XY;YY;XY;YY;XX;XX;XY;XX;YY;XX;XY;YY;No Call;XX;XX;XX;YY;XX;YY;YY;XX;XY;XX;YY;No Call;YY;YY;YY;XX;XX;XY;XX;YY;XY;XY;YY;No Call
10;JS17-1239-rr;XX;YY;XX;XY;XY;XX;XY;XY;YY;YY;XY;XY;XY;XX;XY;XY;XY;XY;XX;XY;XY;XX;YY;XY;XY;XY;XY;XY;XY;XY;YY;XY;XY;YY;YY;XX;XY;XY;YY;XX;XX;XY;XY;XY;XX;YY;XY;XY;XX;YY;XY;XY;YY;XX;XY;XX;YY;YY;YY;XY;YY;XY;YY;XX;XX;XY;XX;YY;XX;XY;YY;No Call;XX;XX;XX;YY;XX;YY;YY;XX;XY;XX;YY;No Call;YY;YY;YY;XX;XX;XY;XX;YY;XY;XY;YY;No Call
79;JS17-1240;YY;XY;YY;XY;XX;XX;XY;XY;XY;XX;XY;YY;XX;XX;XY;XY;XY;XY;XY;YY;XX;XY;XY;XY;YY;XX;XY;XY;XX;XY;XY;XY;YY;YY;XY;XY;YY;XY;YY;XX;YY;XX;No Call;XX;XY;YY;YY;XX;XY;XY;XY;XX;YY;YY;XX;YY;XX;XY;XX;XX;XX;XY;XX;XX;XX;XY;XY;XX;XY;YY;YY;No Call;XX;XX;XY;XY;XY;XY;XX;XX;YY;YY;YY;No Call;XY;XY;XY;YY;XX;XY;XX;YY;XX;YY;XY;No Call
80;JS17-1240;YY;XY;YY;XY;XX;XX;XY;XY;XY;XX;XY;YY;XX;XX;XY;XY;XY;XY;XY;YY;XX;XY;XY;XY;YY;XX;XY;XY;XX;XY;XY;XY;YY;YY;XY;XY;YY;XY;YY;XX;YY;XX;YY;XX;XY;YY;YY;XX;XY;XY;XY;XX;YY;YY;XX;YY;XX;XY;XX;XX;XX;XY;XX;XX;XX;XY;XY;XX;XY;YY;YY;No Call;XX;XX;XY;XY;XY;XY;XX;XX;YY;YY;YY;No Call;XY;XY;XY;YY;XX;XY;XX;YY;XX;YY;XY;No Call
95;JS17-1240-rr;YY;XY;YY;XY;XX;XX;XY;XY;XY;XX;XY;YY;XX;XX;XY;XY;XY;XY;XY;YY;XX;XY;XY;XY;YY;XX;XY;XY;XX;XY;XY;XY;YY;YY;XY;XY;YY;XY;YY;XX;YY;XX;YY;XX;XY;YY;YY;XX;XY;XY;XY;XX;YY;YY;XX;YY;XX;XY;XX;XX;XX;XY;XX;XX;XX;XY;XY;XX;XY;YY;YY;No Call;XX;XX;XY;XY;XY;XY;XX;XX;YY;YY;YY;No Call;XY;XY;XY;YY;XX;XY;XX;YY;XX;YY;XY;No Call
96;JS17-1240-rr;YY;XY;YY;XY;XX;XX;XY;XY;XY;XX;XY;YY;XX;XX;XY;XY;XY;XY;XY;YY;XX;XY;XY;XY;YY;XX;XY;XY;XX;XY;XY;XY;YY;YY;XY;XY;YY;XY;YY;XX;YY;XX;YY;XX;XY;YY;YY;XX;XY;XY;XY;XX;YY;YY;XX;YY;XX;XY;XX;XX;XX;XY;XX;XX;XX;XY;XY;XX;XY;YY;YY;No Call;XX;XX;XY;XY;XY;XY;XX;XX;YY;YY;YY;No Call;XY;XY;XY;YY;XX;XY;XX;YY;XX;YY;XY;No Call
11;NTC;NTC;NTC;NTC;NTC;NTC;NTC;NTC;NTC;NTC;NTC;NTC;NTC;NTC;NTC;NTC;NTC;NTC;NTC;NTC;NTC;NTC;NTC;NTC;NTC;NTC;NTC;NTC;NTC;NTC;NTC;NTC;NTC;NTC;NTC;NTC;NTC;NTC;NTC;NTC;NTC;NTC;NTC;NTC;NTC;NTC;NTC;NTC;NTC;NTC;NTC;NTC;NTC;NTC;NTC;NTC;NTC;NTC;NTC;NTC;NTC;NTC;NTC;NTC;NTC;NTC;NTC;NTC;NTC;NTC;NTC;NTC;NTC;NTC;NTC;NTC;NTC;NTC;NTC;NTC;NTC;NTC;NTC;NTC;NTC;NTC;NTC;NTC;NTC;NTC;NTC;NTC;NTC;NTC;NTC;NTC;NTC
12;NTC;NTC;NTC;NTC;NTC;NTC;NTC;NTC;NTC;NTC;NTC;NTC;NTC;NTC;NTC;NTC;NTC;NTC;NTC;NTC;NTC;NTC;NTC;NTC;NTC;NTC;NTC;NTC;NTC;NTC;NTC;NTC;NTC;NTC;NTC;NTC;NTC;NTC;NTC;NTC;NTC;NTC;NTC;NTC;NTC;NTC;NTC;NTC;NTC;NTC;NTC;NTC;NTC;NTC;NTC;NTC;NTC;NTC;NTC;NTC;NTC;NTC;NTC;NTC;NTC;NTC;NTC;NTC;NTC;NTC;NTC;NTC;NTC;NTC;NTC;NTC;NTC;NTC;NTC;NTC;NTC;NTC;NTC;NTC;NTC;NTC;NTC;NTC;NTC;NTC;NTC;NTC;NTC;NTC;NTC;NTC;NTC
24;NTC;NTC;NTC;NTC;NTC;NTC;NTC;NTC;NTC;NTC;NTC;NTC;NTC;NTC;NTC;NTC;NTC;NTC;NTC;NTC;NTC;NTC;NTC;NTC;NTC;NTC;NTC;NTC;NTC;NTC;NTC;NTC;NTC;NTC;NTC;NTC;NTC;NTC;NTC;NTC;NTC;NTC;NTC;NTC;NTC;NTC;NTC;NTC;NTC;NTC;NTC;NTC;NTC;NTC;NTC;NTC;NTC;NTC;NTC;NTC;NTC;NTC;NTC;NTC;NTC;NTC;NTC;NTC;NTC;NTC;NTC;NTC;NTC;NTC;NTC;NTC;NTC;NTC;NTC;NTC;NTC;NTC;NTC;NTC;NTC;NTC;NTC;NTC;NTC;NTC;NTC;NTC;NTC;NTC;NTC;NTC;NTC
67;preppblank_1232-1240;No Call;No Call;No Call;No Call;No Call;No Call;No Call;No Call;No Call;No Call;No Call;No Call;No Call;No Call;No Call;No Call;No Call;No Call;No Call;No Call;No Call;No Call;No Call;No Call;No Call;No Call;No Call;No Call;No Call;No Call;No Call;No Call;No Call;No Call;No Call;No Call;No Call;No Call;No Call;No Call;No Call;No Call;No Call;No Call;No Call;No Call;No Call;No Call;No Call;No Call;No Call;No Call;No Call;No Call;No Call;No Call;No Call;No Call;No Call;No Call;No Call;No Call;No Call;No Call;No Call;No Call;No Call;No Call;No Call;No Call;No Call;No Call;No Call;No Call;No Call;No Call;No Call;No Call;No Call;No Call;No Call;No Call;No Call;No Call;No Call;No Call;No Call;No Call;No Call;No Call;No Call;No Call;No Call;No Call;No Call;No Call
68;preppblank_1232-1240;No Call;No Call;No Call;No Call;No Call;No Call;No Call;No Call;No Call;No Call;No Call;No Call;No Call;No Call;No Call;No Call;No Call;No Call;No Call;No Call;No Call;No Call;No Call;No Call;No Call;No Call;No Call;No Call;No Call;No Call;No Call;No Call;No Call;No Call;No Call;No Call;No Call;No Call;No Call;No Call;No Call;No Call;No Call;No Call;No Call;No Call;No Call;No Call;No Call;No Call;No Call;No Call;No Call;No Call;No Call;No Call;No Call;No Call;No Call;No Call;No Call;No Call;No Call;No Call;No Call;No Call;No Call;No Call;No Call;No Call;No Call;No Call;No Call;No Call;No Call;No Call;No Call;No Call;No Call;No Call;No Call;No Call;No Call;No Call;No Call;No Call;No Call;No Call;No Call;No Call;No Call;No Call;No Call;No Call;No Call;No Call
23;STA-blank;No Call;No Call;No Call;No Call;No Call;No Call;No Call;No Call;No Call;No Call;No Call;No Call;No Call;No Call;No Call;No Call;No Call;No Call;No Call;No Call;No Call;No Call;No Call;No Call;No Call;No Call;No Call;No Call;No Call;No Call;No Call;No Call;No Call;No Call;No Call;No Call;No Call;No Call;No Call;No Call;No Call;No Call;No Call;No Call;No Call;No Call;No Call;No Call;No Call;No Call;No Call;No Call;No Call;No Call;No Call;No Call;No Call;No Call;No Call;No Call;No Call;No Call;No Call;No Call;No Call;No Call;No Call;No Call;No Call;No Call;No Call;No Call;No Call;No Call;No Call;No Call;No Call;No Call;No Call;No Call;No Call;No Call;No Call;No Call;No Call;No Call;No Call;No Call;No Call;No Call;No Call;No Call;No Call;No Call;No Call;No Call

SNP Converted Calls
;;01;02;03;04;05;06;07;08;09;10;11;12;13;14;15;16;17;18;19;20;21;22;23;24;25;26;27;28;29;30;31;32;33;34;35;36;37;38;39;40;41;42;43;44;45;46;47;48;49;50;51;52;53;54;55;56;57;58;59;60;61;62;63;64;65;66;67;68;69;70;71;72;73;74;75;76;77;78;79;80;81;82;83;84;85;86;87;88;89;90;91;92;93;94;95;96
;;scaffold10:2782;scaffold11165:5933;scaffold11635:5304;scaffold1493:961;scaffold1948:9759;scaffold2671:1785;scaffold3686:763;scaffold10252_3731;scaffold1237_3191;scaffold1816_1847;scaffold2974_5531;X_scaffold11905_7659;scaffold10159:1936;scaffold1823_1586;scaffold11780:1308;scaffold1660:4431;scaffold2015:8637;scaffold3096:9910;scaffold3706:14163;scaffold2287:2034;scaffold12453_10099;scaffold1906_1828;scaffold3056_23129;X_scaffold17088_4621;scaffold102:1681;scaffold11274:6052;scaffold11840:30521;scaffold17281:721;scaffold20538:3186;scaffold3316:1296;scaffold3719:1954;scaffold2168:3960;scaffold12597_2063;scaffold2227_6739;scaffold3105_1081;X_scaffold1915_14108;scaffold10258:4873;scaffold11341:1648;scaffold11871:646;scaffold175:2299;scaffold2058:7015;scaffold12057:4666;scaffold3740:1109;scaffold11014_5079;scaffold12613_15082;scaffold2328_1187;scaffold3204_1963;X_scaffold4825_648;scaffold10419:3424;scaffold11390:926;scaffold11926:10893;scaffold1770:2584;scaffold20971:2651;scaffold3345:22009;scaffold3954:3784;scaffold11046_354;scaffold14332_603;scaffold25480_944;scaffold3359_987;X_scaffold5374_1437;scaffold1050:285;scaffold11418:168;scaffold12175:4120;scaffold1800:12650;scaffold24630:4000;scaffold3346:31340;scaffold4270:1780;scaffold11172_2046;scaffold15878_1394;scaffold2618_795;scaffold3682_1094;Y_scaffoldY158711_762;scaffold11043:759;scaffold11573:1348;scaffold12493:576;scaffold1905:7470;scaffold2530:3019;scaffold3407:3290;scaffold4438:592;scaffold11464_1491;scaffold1632_3284;scaffold265_5988;scaffold3867_13862;Y_scaffoldY42647_3017;scaffold11108:12078;scaffold11634:1040;scaffold12593:2951;scaffold3532:6269;scaffold25755:481;scaffold3490:12975;scaffold10002_6735;scaffold11943_4921;scaffold1714_5974;scaffold2855_2563;X_scaffold10171:3154;Y_scaffoldY42656_3986
85;Control;A:C;T:C;A:C;G:A;C:T;C:C;C:T;A:A;A:G;A:G;C:C;T:A;C:C;C:G;A:T;T:C;T:T;T:C;G:A;A:T;A:G;C:T;A:A;C:T;T:A;T:G;G:A;C:G;A:T;A:G;A:G;A:C;T:G;C:T;C:T;G:C;A:G;T:C;G:A;C:C;T:G;T:C;T:C;T:T;G:A;T:C;C:C;T:A;T:C;C:T;T:C;C:C;G:A;T:A;A:A;G:G;C:T;T:C;T:C;C:T;C:G;T:C;G:G;G:C;T:G;C:C;G:C;A:G;G:T;A:G;G:A;No Call;T:T;G:A;G:G;G:T;T:C;G:A;C:A;G:A;A:C;A:C;C:T;No Call;C:C;A:C;T:G;C:T;A:G;G:G;G:A;A:G;C:C;T:G;A:T;No Call
86;Control;A:C;T:C;A:C;G:A;C:T;C:C;C:T;A:A;A:G;A:G;C:C;T:A;C:C;C:G;A:T;T:C;T:T;T:C;G:A;A:T;A:G;C:T;A:A;C:T;T:A;T:G;G:A;C:G;A:T;A:G;A:G;A:C;T:G;C:T;C:T;G:C;A:G;T:C;G:A;C:C;T:G;T:C;T:C;T:T;G:A;T:C;C:C;T:A;T:C;C:T;T:C;C:C;G:A;T:A;A:A;G:G;C:T;T:C;T:C;C:T;C:G;T:C;G:G;G:C;T:G;C:C;G:C;A:G;G:T;A:G;G:A;No Call;T:T;G:A;G:G;G:T;T:C;G:A;C:A;G:A;A:C;A:C;C:T;No Call;C:C;A:C;T:G;C:T;A:G;G:G;G:A;A:G;C:C;T:G;A:T;No Call
73;JS17-0970;C:C;C:C;A:C;G:G;T:T;No Call;T:T;A:G;A:A;A:A;C:T;A:A;G:G;G:G;A:T;C:C;T:C;T:C;G:A;T:T;G:G;T:T;A:G;C:C;A:A;G:G;A:A;C:C;A:A;G:G;A:A;A:A;T:T;C:C;C:C;G:C;A:G;T:C;A:A;C:C;T:G;T:C;C:C;T:C;G:A;C:C;C:A;A:A;T:T;C:T;T:T;C:C;G:G;T:T;A:A;A:A;C:C;T:T;C:C;C:C;C:G;C:C;A:A;No Call;T:T;C:T;No Call;A:A;G:G;G:G;A:A;No Call;T:C;G:G;T:T;G:T;C:C;G:G;C:C;G:G;A:A;A:A;No Call;No Call;T:T;C:C;G:G;T:T;A:G;No Call;G:G;A:A;No Call;G:G;A:A;No Call
74;JS17-0970;C:C;C:C;A:C;G:G;T:T;No Call;T:T;A:G;A:G;A:A;C:T;A:A;C:G;G:G;A:T;C:C;T:C;C:C;G:G;T:T;G:G;T:T;A:G;C:C;A:A;G:G;A:A;C:C;A:A;G:G;A:A;A:A;T:G;C:T;C:C;G:C;A:A;T:C;No Call;T:T;G:G;T:C;C:C;T:C;G:G;T:C;C:A;A:A;T:T;C:C;T:T;C:C;G:G;T:A;G:G;A:A;No Call;T:T;C:C;C:C;C:C;C:C;A:A;G:C;T:T;T:T;G:G;A:A;G:G;G:G;G:G;No Call;C:C;G:G;T:T;G:T;C:C;No Call;C:C;G:G;A:A;A:A;No Call;No Call;T:T;C:C;G:G;T:T;A:A;A:A;No Call;A:A;No Call;G:G;T:T;No Call
61;JS17-0981;No Call;No Call;No Call;No Call;No Call;No Call;No Call;No Call;No Call;No Call;No Call;No Call;No Call;No Call;No Call;No Call;No Call;No Call;No Call;No Call;No Call;No Call;No Call;No Call;No Call;No Call;No Call;No Call;No Call;No Call;No Call;No Call;No Call;No Call;No Call;No Call;No Call;No Call;No Call;No Call;No Call;No Call;No Call;No Call;No Call;No Call;No Call;No Call;No Call;No Call;No Call;No Call;No Call;No Call;No Call;G:G;No Call;No Call;No Call;No Call;No Call;No Call;No Call;No Call;No Call;No Call;No Call;No Call;No Call;G:G;A:A;No Call;No Call;No Call;No Call;No Call;No Call;No Call;No Call;No Call;No Call;No Call;No Call;No Call;No Call;No Call;No Call;No Call;No Call;No Call;No Call;G:G;No Call;No Call;No Call;No Call
62;JS17-0981;C:C;No Call;No Call;No Call;T:T;No Call;No Call;No Call;No Call;No Call;No Call;No Call;No Call;No Call;No Call;No Call;T:T;No Call;No Call;No Call;A:A;T:T;No Call;T:T;A:A;No Call;No Call;No Call;No Call;No Call;No Call;No Call;No Call;No Call;No Call;No Call;G:G;No Call;No Call;No Call;No Call;No Call;C:C;No Call;G:G;No Call;No Call;No Call;No Call;No Call;No Call;No Call;No Call;No Call;No Call;No Call;No Call;No Call;No Call;T:T;No Call;No Call;No Call;No Call;T:T;No Call;No Call;No Call;No Call;No Call;No Call;No Call;No Call;G:G;No Call;No Call;No Call;No Call;A:A;No Call;No Call;No Call;C:C;No Call;No Call;No Call;No Call;No Call;No Call;G:G;No Call;No Call;No Call;G:G;No Call;No Call
49;JS17-0982;No Call;No Call;No Call;No Call;No Call;No Call;No Call;No Call;No Call;No Call;No Call;No Call;No Call;No Call;No Call;No Call;No Call;No Call;No Call;No Call;No Call;No Call;No Call;No Call;No Call;No Call;No Call;No Call;No Call;G:G;No Call;No Call;No Call;No Call;C:C;No Call;G:G;No Call;No Call;No Call;No Call;No Call;No Call;No Call;No Call;No Call;No Call;No Call;No Call;No Call;No Call;No Call;No Call;No Call;No Call;G:G;No Call;No Call;No Call;No Call;No Call;No Call;No Call;No Call;No Call;No Call;No Call;No Call;No Call;No Call;No Call;No Call;No Call;No Call;No Call;No Call;No Call;No Call;No Call;No Call;No Call;A:A;No Call;No Call;No Call;No Call;No Call;No Call;No Call;No Call;No Call;No Call;No Call;No Call;No Call;No Call
50;JS17-0982;No Call;No Call;No Call;G:G;No Call;No Call;No Call;No Call;No Call;No Call;No Call;No Call;No Call;No Call;No Call;T:T;No Call;No Call;No Call;T:T;No Call;No Call;G:G;No Call;A:A;No Call;G:G;No Call;T:T;No Call;No Call;No Call;No Call;No Call;No Call;No Call;No Call;No Call;A:A;No Call;No Call;C:C;No Call;C:C;No Call;No Call;No Call;No Call;No Call;No Call;No Call;No Call;No Call;No Call;No Call;G:G;T:T;No Call;No Call;No Call;No Call;No Call;No Call;No Call;No Call;No Call;No Call;No Call;G:G;No Call;No Call;No Call;No Call;No Call;No Call;No Call;No Call;No Call;No Call;No Call;No Call;No Call;No Call;No Call;No Call;No Call;No Call;T:T;No Call;No Call;A:A;No Call;T:T;G:G;No Call;No Call
37;JS17-1016;A:A;C:C;A:A;No Call;No Call;No Call;No Call;A:A;No Call;No Call;C:T;No Call;G:G;C:G;No Call;C:C;C:C;No Call;G:G;A:A;No Call;No Call;No Call;No Call;No Call;No Call;No Call;C:C;No Call;A:A;G:G;No Call;T:T;No Call;No Call;C:C;A:A;C:C;No Call;T:T;No Call;No Call;No Call;C:C;No Call;C:C;A:A;No Call;T:T;No Call;No Call;T:T;A:A;T:T;A:A;A:A;C:C;No Call;No Call;No Call;G:G;T:T;A:A;No Call;No Call;No Call;G:G;No Call;T:T;No Call;G:G;No Call;No Call;No Call;No Call;No Call;T:T;A:A;C:C;No Call;C:C;No Call;No Call;No Call;T:T;No Call;T:T;T:T;G:G;No Call;No Call;G:G;T:T;T:T;A:A;No Call
38;JS17-1016;C:C;C:C;No Call;G:G;C:C;No Call;No Call;No Call;No Call;No Call;No Call;No Call;G:G;C:C;No Call;No Call;C:C;T:T;G:A;A:A;No Call;C:T;No Call;No Call;A:A;No Call;No Call;No Call;T:T;No Call;G:G;No Call;No Call;T:T;C:T;No Call;A:A;No Call;No Call;No Call;No Call;T:T;T:C;C:C;A:A;No Call;A:A;No Call;T:T;No Call;No Call;No Call;A:A;No Call;A:G;A:A;C:C;No Call;No Call;C:C;G:G;No Call;No Call;G:G;No Call;No Call;G:G;No Call;No Call;No Call;No Call;A:A;No Call;No Call;No Call;G:G;C:C;No Call;A:A;No Call;C:C;A:A;No Call;No Call;No Call;No Call;No Call;No Call;No Call;A:A;No Call;No Call;No Call;T:G;A:A;No Call
25;JS17-1025;A:A;No Call;No Call;G:G;No Call;No Call;No Call;No Call;G:G;No Call;No Call;No Call;No Call;No Call;No Call;C:C;T:T;No Call;A:A;No Call;G:G;T:T;No Call;T:T;A:A;G:G;No Call;G:G;No Call;A:G;No Call;C:C;No Call;No Call;C:C;No Call;No Call;T:T;No Call;No Call;G:G;No Call;T:T;No Call;A:A;No Call;No Call;No Call;T:T;T:T;T:C;No Call;No Call;A:A;A:A;No Call;No Call;T:T;No Call;No Call;G:G;No Call;No Call;G:G;No Call;No Call;No Call;No Call;T:T;G:G;A:A;No Call;No Call;G:G;No Call;No Call;T:T;No Call;C:C;No Call;A:A;No Call;No Call;No Call;No Call;No Call;No Call;No Call;G:G;A:A;No Call;G:G;No Call;G:G;No Call;No Call
26;JS17-1025;A:A;C:C;No Call;G:G;T:T;C:G;C:T;A:A;A:G;A:G;T:T;A:A;C:G;C:C;T:T;C:C;T:T;T:C;A:A;A:T;A:G;T:T;A:G;T:T;A:A;T:G;G:A;G:G;T:T;A:G;A:G;A:C;No Call;T:T;C:T;No Call;G:G;C:C;A:A;C:C;G:G;T:T;T:C;C:C;A:A;T:C;C:C;T:T;T:T;C:C;T:C;C:T;G:G;T:A;A:G;G:G;C:C;T:T;T:C;C:C;G:G;C:C;A:A;G:G;No Call;C:C;G:G;No Call;T:T;G:G;A:A;A:A;T:C;G:G;T:T;G:T;T:T;A:A;C:C;G:G;A:C;A:C;T:T;G:G;T:T;A:C;G:G;T:T;A:A;A:A;G:A;G:G;No Call;G:G;T:T;C:C
13;JS17-1032;A:C;C:C;A:A;A:A;T:T;C:C;C:C;A:G;A:G;A:G;T:T;T:A;C:G;C:G;A:T;T:C;T:C;T:C;A:A;A:A;A:G;C:T;A:G;T:T;A:A;T:G;G:G;C:C;T:T;A:G;A:G;A:C;G:G;T:T;C:T;G:C;G:G;C:C;G:G;C:C;G:G;T:C;T:T;T:C;A:A;C:C;A:A;T:A;T:T;C:T;C:C;C:C;A:A;A:A;A:A;G:A;T:T;T:C;T:C;C:C;C:G;C:C;G:A;G:G;T:G;C:T;G:C;G:G;T:T;A:A;G:A;No Call;C:C;G:G;G:T;G:T;T:C;G:G;A:A;G:G;A:A;A:A;C:C;No Call;T:T;A:C;T:T;T:T;A:A;G:A;G:G;A:G;C:T;G:G;A:T;No Call
14;JS17-1032;A:C;C:C;A:A;A:A;T:T;C:C;C:C;A:G;A:G;A:G;T:T;T:A;C:G;C:G;A:T;T:C;T:C;T:C;A:A;A:A;A:G;C:T;A:G;T:T;A:A;T:G;G:G;C:C;T:T;A:G;A:G;A:C;G:G;T:T;C:T;G:C;G:G;C:C;G:G;C:C;G:G;T:C;T:T;T:C;A:A;C:C;A:A;T:A;T:T;C:T;C:C;C:C;A:A;A:A;A:A;G:A;T:T;T:C;T:C;C:C;C:G;C:C;G:A;G:G;T:G;C:T;G:C;G:G;T:T;A:A;G:A;No Call;C:C;G:G;G:T;G:T;T:C;G:G;A:A;G:G;A:A;A:A;C:C;No Call;T:T;A:C;T:T;T:T;A:A;G:A;G:G;A:G;C:T;G:G;A:T;No Call
01;JS17-1040;No Call;C:C;A:A;No Call;C:C;No Call;T:T;A:A;No Call;G:G;No Call;No Call;G:G;No Call;No Call;C:C;No Call;T:T;G:G;A:A;G:G;No Call;No Call;No Call;A:A;G:G;No Call;No Call;No Call;No Call;G:G;C:C;No Call;No Call;No Call;No Call;G:G;No Call;A:A;C:C;G:G;T:T;No Call;C:C;No Call;No Call;No Call;A:A;No Call;No Call;No Call;No Call;A:A;No Call;No Call;No Call;No Call;No Call;No Call;No Call;No Call;T:C;No Call;No Call;No Call;No Call;No Call;G:G;T:T;G:G;G:G;No Call;No Call;No Call;G:G;No Call;No Call;A:A;No Call;No Call;C:C;No Call;T:T;G:G;T:T;No Call;No Call;T:T;G:G;G:G;No Call;No Call;No Call;No Call;No Call;C:C
02;JS17-1040;A:A;No Call;A:A;No Call;No Call;C:C;No Call;No Call;No Call;No Call;C:C;No Call;G:G;No Call;No Call;C:C;No Call;No Call;G:A;A:T;No Call;No Call;G:G;No Call;No Call;No Call;G:G;No Call;No Call;G:G;No Call;A:C;T:T;No Call;C:T;C:C;G:G;C:C;A:A;T:T;T:G;No Call;No Call;C:C;A:A;C:C;A:A;A:A;T:T;T:T;No Call;T:T;No Call;T:T;No Call;G:G;No Call;C:C;C:C;No Call;No Call;T:T;No Call;No Call;T:T;T:T;No Call;No Call;No Call;A:A;G:G;No Call;T:T;No Call;No Call;G:G;C:C;A:A;No Call;G:A;No Call;No Call;C:C;G:G;T:T;No Call;No Call;T:T;No Call;A:A;A:A;A:A;No Call;No Call;A:A;No Call
87;JS17-1046;No Call;No Call;No Call;G:G;No Call;No Call;No Call;No Call;No Call;A:A;No Call;No Call;No Call;No Call;T:T;No Call;No Call;No Call;No Call;No Call;No Call;No Call;No Call;No Call;No Call;No Call;No Call;No Call;No Call;No Call;A:A;No Call;No Call;No Call;T:T;No Call;G:G;No Call;No Call;No Call;No Call;No Call;No Call;No Call;No Call;No Call;No Call;No Call;No Call;No Call;No Call;No Call;No Call;No Call;No Call;No Call;No Call;No Call;No Call;C:C;No Call;No Call;No Call;G:G;No Call;No Call;No Call;No Call;No Call;No Call;A:A;No Call;No Call;No Call;No Call;No Call;No Call;No Call;No Call;No Call;No Call;C:C;No Call;No Call;No Call;No Call;No Call;No Call;G:G;No Call;G:G;No Call;No Call;G:G;No Call;No Call
88;JS17-1046;No Call;C:C;No Call;G:G;No Call;No Call;No Call;A:A;A:G;A:A;No Call;A:A;No Call;C:C;T:T;C:C;T:T;T:C;A:A;A:T;A:G;T:T;A:G;No Call;A:A;G:G;A:A;G:G;T:T;A:G;No Call;C:C;No Call;T:T;C:C;C:C;G:G;T:C;A:A;C:C;G:G;T:T;T:T;C:C;A:A;No Call;C:C;No Call;T:T;T:T;T:C;No Call;G:G;T:A;A:G;G:G;C:C;No Call;T:C;C:C;G:G;C:C;A:A;G:G;No Call;C:C;G:G;No Call;T:T;G:G;A:A;No Call;T:C;G:G;T:T;G:G;T:T;No Call;C:C;G:G;C:C;No Call;T:T;G:G;No Call;A:C;G:G;T:T;A:A;A:A;No Call;G:G;T:T;G:G;T:T;C:C
75;JS17-1066;C:C;T:C;A:C;G:A;C:C;C:G;C:T;A:G;A:G;A:A;C:C;A:A;C:C;C:G;A:T;C:C;T:T;T:C;G:A;A:T;A:G;C:T;A:A;T:T;A:A;G:G;G:A;C:G;A:T;A:G;G:G;A:C;T:T;C:T;C:T;G:G;A:A;T:C;G:A;T:T;T:G;T:T;T:C;T:C;G:G;T:C;C:A;A:A;T:T;T:T;T:T;C:T;G:G;T:A;A:A;G:G;C:C;T:C;T:C;C:C;G:G;C:C;G:G;C:C;T:T;C:T;G:C;A:G;G:G;A:G;A:A;A:A;T:C;G:G;G:T;G:T;T:C;A:A;C:A;G:A;A:A;A:C;C:C;G:G;T:T;C:C;G:G;T:T;A:A;A:A;G:G;A:A;T:T;G:G;T:T;C:C
76;JS17-1066;C:C;T:C;A:C;G:A;C:C;C:G;C:T;A:G;A:G;A:A;C:C;A:A;C:C;C:G;A:T;C:C;T:T;T:C;G:A;A:T;A:G;C:T;A:A;T:T;A:A;G:G;G:A;C:G;A:T;A:G;G:G;A:C;T:T;C:T;C:T;G:G;A:A;T:C;G:A;T:T;T:G;T:T;T:C;T:C;G:G;T:C;C:A;A:A;T:T;T:T;T:T;C:T;G:G;T:A;A:A;G:G;C:C;T:C;T:C;C:C;G:G;C:C;G:G;C:C;T:T;C:T;G:C;A:G;G:G;A:G;A:A;A:A;T:C;G:G;G:T;G:T;T:C;A:A;C:A;G:A;A:A;A:C;C:C;G:G;T:T;C:C;G:G;T:T;A:A;A:A;G:G;A:A;T:T;G:G;T:T;C:C
63;JS17-1071;No Call;No Call;C:C;No Call;No Call;No Call;No Call;No Call;No Call;No Call;C:C;A:A;C:C;G:G;No Call;No Call;No Call;No Call;A:A;No Call;No Call;C:C;A:A;No Call;No Call;No Call;No Call;No Call;A:A;No Call;No Call;C:C;No Call;T:T;T:T;No Call;No Call;No Call;No Call;No Call;No Call;No Call;T:T;C:C;No Call;No Call;C:C;No Call;No Call;No Call;T:T;T:T;No Call;No Call;No Call;No Call;T:T;No Call;No Call;No Call;C:C;T:T;G:G;No Call;No Call;No Call;No Call;No Call;No Call;No Call;No Call;No Call;C:C;No Call;No Call;G:G;No Call;No Call;No Call;No Call;No Call;No Call;C:T;No Call;T:T;No Call;No Call;No Call;A:A;No Call;No Call;No Call;No Call;No Call;T:T;No Call
64;JS17-1071;A:C;C:C;C:C;A:A;No Call;No Call;C:C;A:A;A:A;No Call;C:C;A:A;No Call;No Call;T:T;No Call;T:T;No Call;A:A;T:T;No Call;C:C;A:A;No Call;T:T;No Call;No Call;G:G;A:A;G:G;A:G;No Call;T:T;No Call;T:T;C:C;A:A;C:C;A:A;No Call;T:T;T:T;No Call;No Call;No Call;No Call;No Call;A:A;T:T;No Call;T:T;T:T;G:G;No Call;A:A;A:A;C:T;C:C;T:T;No Call;C:C;No Call;G:G;No Call;T:G;C:T;G:C;No Call;T:T;No Call;A:A;No Call;No Call;G:G;No Call;G:G;No Call;G:G;C:A;G:G;No Call;No Call;C:C;No Call;T:T;C:C;G:G;T:T;A:A;A:A;G:G;A:A;T:T;No Call;No Call;No Call
51;JS17-1075;A:C;C:C;A:C;A:A;C:C;C:G;T:T;A:G;A:G;A:A;C:C;T:T;C:C;G:G;A:T;C:C;T:T;T:T;G:A;A:A;G:G;T:T;A:G;No Call;T:A;G:G;G:G;C:G;T:T;A:A;G:G;A:C;G:G;No Call;C:C;G:G;A:G;C:C;G:A;C:T;G:G;T:T;T:T;T:T;A:A;T:T;A:A;T:A;T:T;C:C;T:C;T:T;G:A;A:A;A:G;G:G;C:T;T:C;C:C;T:T;G:G;T:T;A:A;G:C;T:T;C:C;G:G;G:G;G:T;A:G;A:A;No Call;C:C;G:G;G:T;G:G;C:C;G:A;C:A;A:A;A:A;A:A;C:C;No Call;C:T;A:C;T:G;T:T;G:G;A:A;A:A;A:A;T:T;T:T;T:T;No Call
52;JS17-1075;A:C;C:C;A:C;A:A;C:C;C:G;T:T;A:G;No Call;A:A;C:C;T:T;C:C;G:G;A:T;C:C;T:T;T:T;G:A;A:A;G:G;T:T;A:A;T:T;A:A;G:G;G:G;C:G;T:T;A:A;G:G;A:C;No Call;T:T;C:C;G:G;A:G;C:C;G:A;T:T;G:G;T:T;T:T;T:C;No Call;T:T;C:A;T:A;T:T;C:T;T:C;T:T;G:A;A:A;A:G;G:G;No Call;No Call;C:C;T:T;G:G;T:T;A:A;G:C;T:T;C:C;G:G;G:G;G:T;A:G;A:A;No Call;C:C;G:G;G:T;G:G;C:C;G:A;C:A;A:A;A:A;A:C;C:C;No Call;C:T;A:C;T:G;T:T;G:G;A:A;G:A;A:A;T:T;T:G;T:T;No Call
39;JS17-1109;C:C;C:C;A:C;A:A;C:T;C:C;C:T;A:A;A:A;No Call;C:T;T:T;C:C;C:G;No Call;T:T;T:T;C:C;G:G;A:T;A:A;C:C;G:G;T:T;A:A;T:G;A:A;C:C;T:T;A:G;A:G;C:C;G:G;C:C;C:C;G:G;G:G;C:C;G:A;T:T;G:G;T:C;T:C;T:C;G:G;C:C;C:C;T:T;T:C;C:C;T:T;T:T;A:A;A:A;A:A;G:G;C:T;T:T;T:C;C:C;G:G;T:C;A:A;G:G;T:G;T:T;G:G;A:G;G:G;G:G;A:A;No Call;T:T;G:A;G:G;G:T;T:C;G:G;C:C;A:A;A:A;A:C;C:T;No Call;C:C;C:C;G:G;C:T;A:A;A:A;G:G;A:G;T:T;G:G;T:T;No Call
40;JS17-1109;C:C;C:C;A:C;A:A;C:T;C:C;C:T;A:A;A:A;A:A;C:C;T:T;C:C;C:G;A:T;T:T;T:T;C:C;G:G;A:A;A:A;C:C;G:G;C:T;A:A;T:G;A:A;C:C;T:T;A:G;A:G;C:C;G:G;C:C;C:C;G:G;G:G;C:C;G:A;T:T;G:G;T:C;T:C;T:C;G:G;C:C;C:C;No Call;T:C;C:C;T:T;T:T;A:A;T:A;G:G;G:G;C:T;T:T;T:C;C:C;C:G;No Call;A:A;G:G;No Call;T:T;G:G;No Call;G:G;G:G;A:A;No Call;T:T;G:A;G:G;G:T;T:C;G:G;C:C;A:A;A:C;C:C;C:T;No Call;C:C;C:C;T:G;C:T;A:A;A:A;G:G;A:G;T:T;G:G;T:T;No Call
27;JS17-1110;C:C;C:C;A:A;A:A;No Call;No Call;C:C;No Call;A:A;No Call;C:T;T:T;No Call;C:C;A:T;No Call;No Call;No Call;G:G;T:T;No Call;No Call;No Call;No Call;T:T;G:G;No Call;C:C;No Call;No Call;No Call;No Call;T:T;No Call;No Call;No Call;No Call;No Call;No Call;No Call;T:T;No Call;No Call;C:C;No Call;No Call;C:C;No Call;C:C;No Call;C:C;No Call;No Call;No Call;A:A;G:A;No Call;No Call;T:T;No Call;C:C;T:C;No Call;No Call;No Call;No Call;No Call;No Call;No Call;G:G;No Call;No Call;No Call;G:G;No Call;No Call;No Call;No Call;C:C;G:G;No Call;A:A;No Call;No Call;T:T;C:C;T:T;No Call;G:G;A:A;G:A;G:G;No Call;No Call;No Call;C:C
28;JS17-1110;No Call;C:C;A:A;A:A;No Call;C:C;T:T;No Call;A:A;A:A;T:T;No Call;No Call;C:C;No Call;No Call;No Call;No Call;No Call;A:A;G:G;No Call;A:A;T:T;No Call;No Call;A:A;No Call;No Call;G:G;G:G;No Call;No Call;T:T;T:T;C:C;A:A;C:C;A:A;No Call;No Call;C:C;No Call;No Call;No Call;T:T;No Call;No Call;T:C;C:C;T:T;C:C;G:G;A:A;A:G;G:A;C:C;T:T;No Call;No Call;C:C;No Call;No Call;No Call;T:G;T:T;No Call;No Call;G:G;A:G;A:A;A:A;T:T;G:G;No Call;No Call;No Call;No Call;A:A;No Call;A:A;No Call;No Call;G:G;T:T;No Call;G:G;T:T;No Call;G:G;G:G;G:G;No Call;No Call;T:T;No Call
15;JS17-1112;A:C;C:C;No Call;No Call;No Call;No Call;No Call;No Call;No Call;No Call;No Call;No Call;No Call;No Call;No Call;C:C;No Call;No Call;No Call;T:T;A:A;No Call;No Call;No Call;T:T;No Call;A:A;No Call;A:A;G:G;No Call;No Call;No Call;T:T;No Call;No Call;A:A;No Call;No Call;No Call;G:G;No Call;No Call;No Call;No Call;T:T;No Call;No Call;T:T;No Call;T:T;No Call;G:G;No Call;A:A;A:A;No Call;No Call;No Call;C:C;No Call;T:T;No Call;No Call;No Call;No Call;No Call;No Call;No Call;No Call;No Call;No Call;T:T;No Call;G:G;G:G;No Call;No Call;No Call;No Call;No Call;No Call;T:T;No Call;T:T;No Call;No Call;No Call;No Call;No Call;A:A;No Call;C:C;No Call;No Call;C:C
16;JS17-1112;No Call;No Call;No Call;A:A;No Call;No Call;No Call;A:A;No Call;No Call;No Call;T:T;G:G;No Call;No Call;No Call;T:T;No Call;No Call;T:T;No Call;T:T;A:G;No Call;No Call;No Call;No Call;G:G;A:A;G:G;G:G;A:A;T:T;No Call;No Call;No Call;No Call;No Call;No Call;No Call;T:T;No Call;No Call;C:C;No Call;No Call;No Call;No Call;No Call;No Call;No Call;No Call;No Call;No Call;No Call;A:A;No Call;T:T;No Call;C:C;No Call;No Call;A:A;No Call;No Call;T:T;G:C;No Call;No Call;No Call;No Call;No Call;No Call;No Call;G:G;No Call;No Call;No Call;A:A;No Call;No Call;No Call;C:C;No Call;No Call;No Call;No Call;T:T;No Call;No Call;No Call;No Call;No Call;No Call;No Call;No Call
03;JS17-1114;A:A;No Call;A:A;G:G;No Call;No Call;T:T;G:G;G:G;A:A;T:T;No Call;C:C;G:G;T:T;No Call;T:T;T:T;A:A;A:T;A:A;T:T;A:G;No Call;T:A;No Call;No Call;C:C;A:T;A:A;G:G;No Call;T:T;C:C;T:T;C:C;A:G;C:C;A:A;No Call;No Call;C:C;C:C;T:T;G:A;No Call;A:A;T:A;No Call;T:T;T:C;C:C;A:A;A:A;A:A;G:A;No Call;C:C;T:T;C:C;No Call;C:C;A:A;G:G;T:T;T:T;G:G;No Call;G:T;G:G;No Call;No Call;No Call;No Call;T:T;T:T;No Call;G:G;C:C;A:A;C:C;A:A;C:C;No Call;T:T;No Call;G:G;No Call;A:A;A:A;G:G;No Call;T:T;T:G;A:A;No Call
04;JS17-1114;C:C;No Call;A:A;G:G;C:C;C:C;No Call;A:A;No Call;A:A;No Call;A:A;C:C;C:C;T:T;No Call;T:T;T:T;A:A;A:T;A:A;No Call;G:G;T:T;A:A;T:T;G:G;C:C;A:A;A:A;G:G;A:A;G:G;C:T;C:C;C:C;A:A;C:C;No Call;C:C;T:G;No Call;C:C;T:T;No Call;No Call;C:A;T:T;T:T;No Call;C:C;No Call;A:A;No Call;No Call;A:A;T:T;No Call;No Call;C:C;C:C;C:C;No Call;No Call;T:T;No Call;No Call;A:A;T:T;G:G;G:G;No Call;No Call;No Call;T:T;T:T;No Call;No Call;No Call;A:A;A:C;A:A;T:T;No Call;T:T;No Call;G:G;T:T;No Call;A:A;G:G;A:G;No Call;No Call;T:T;No Call
89;JS17-1118;A:C;C:C;No Call;G:G;C:C;C:C;C:C;G:G;G:G;A:A;T:T;No Call;C:G;G:G;T:T;C:C;C:C;T:T;A:A;T:T;No Call;T:T;No Call;No Call;No Call;No Call;G:G;G:G;A:A;G:G;G:G;A:A;T:T;T:T;T:T;G:G;G:G;C:C;A:A;T:T;No Call;T:T;C:C;C:C;A:A;No Call;No Call;A:A;T:T;No Call;C:C;T:T;No Call;T:T;G:G;G:G;C:C;C:C;T:T;T:T;No Call;No Call;A:A;G:G;T:T;T:T;G:G;No Call;G:T;G:G;A:A;No Call;T:T;G:G;No Call;T:T;C:C;No Call;C:C;A:A;No Call;No Call;C:T;No Call;T:T;No Call;G:G;T:T;No Call;A:A;No Call;No Call;No Call;T:T;No Call;C:C
90;JS17-1118;A:C;C:C;C:C;G:G;C:C;C:C;C:C;G:G;G:G;G:G;C:T;No Call;G:G;No Call;T:T;No Call;T:C;No Call;G:G;No Call;A:A;T:T;A:A;C:C;T:T;No Call;No Call;G:G;A:A;G:G;G:G;A:A;T:G;C:T;T:T;G:G;No Call;C:C;A:A;C:T;T:G;T:T;C:C;C:C;G:A;No Call;C:C;No Call;T:T;T:T;C:C;No Call;G:G;T:T;A:G;G:A;C:C;C:C;T:T;No Call;C:C;T:C;No Call;G:G;T:T;T:T;G:G;No Call;No Call;G:G;A:A;No Call;No Call;G:G;G:T;G:G;C:C;No Call;C:A;G:G;A:A;C:C;C:T;No Call;T:T;C:C;G:G;No Call;A:A;A:A;G:A;No Call;T:T;T:T;No Call;No Call
55;JS17-1121;No Call;No Call;No Call;No Call;No Call;No Call;No Call;No Call;No Call;No Call;No Call;No Call;No Call;No Call;No Call;No Call;No Call;No Call;No Call;No Call;No Call;No Call;No Call;No Call;No Call;No Call;No Call;No Call;No Call;No Call;No Call;No Call;No Call;No Call;No Call;No Call;No Call;No Call;No Call;No Call;No Call;No Call;No Call;No Call;No Call;No Call;No Call;No Call;No Call;No Call;No Call;No Call;No Call;No Call;No Call;No Call;No Call;No Call;No Call;No Call;No Call;No Call;No Call;No Call;No Call;No Call;No Call;No Call;No Call;No Call;No Call;No Call;No Call;No Call;No Call;No Call;No Call;No Call;No Call;No Call;No Call;No Call;No Call;No Call;No Call;No Call;No Call;No Call;No Call;No Call;No Call;No Call;No Call;No Call;No Call;No Call
56;JS17-1121;No Call;No Call;No Call;No Call;No Call;No Call;No Call;No Call;No Call;No Call;No Call;No Call;No Call;No Call;No Call;No Call;No Call;No Call;No Call;No Call;No Call;No Call;No Call;No Call;No Call;No Call;No Call;No Call;No Call;No Call;No Call;No Call;No Call;No Call;No Call;No Call;No Call;No Call;No Call;No Call;No Call;No Call;No Call;No Call;No Call;No Call;No Call;No Call;No Call;No Call;No Call;No Call;No Call;No Call;No Call;No Call;No Call;No Call;No Call;No Call;No Call;No Call;No Call;No Call;No Call;No Call;No Call;No Call;No Call;No Call;No Call;No Call;No Call;No Call;No Call;No Call;No Call;No Call;No Call;No Call;No Call;No Call;No Call;No Call;No Call;No Call;No Call;No Call;No Call;No Call;No Call;No Call;No Call;No Call;No Call;No Call
43;JS17-1122;No Call;No Call;No Call;No Call;No Call;No Call;No Call;No Call;No Call;No Call;No Call;No Call;No Call;No Call;No Call;No Call;No Call;No Call;No Call;No Call;No Call;No Call;No Call;No Call;No Call;No Call;No Call;No Call;No Call;No Call;No Call;No Call;No Call;No Call;No Call;No Call;No Call;No Call;No Call;No Call;No Call;No Call;No Call;No Call;No Call;No Call;No Call;No Call;No Call;No Call;No Call;No Call;No Call;No Call;No Call;No Call;No Call;No Call;No Call;No Call;No Call;No Call;No Call;No Call;No Call;No Call;No Call;No Call;No Call;No Call;No Call;No Call;No Call;No Call;No Call;No Call;No Call;No Call;No Call;No Call;No Call;No Call;No Call;No Call;No Call;No Call;No Call;No Call;No Call;No Call;No Call;No Call;No Call;No Call;No Call;No Call
44;JS17-1122;No Call;No Call;No Call;No Call;No Call;No Call;No Call;No Call;No Call;No Call;No Call;No Call;No Call;No Call;No Call;No Call;No Call;No Call;No Call;No Call;No Call;No Call;No Call;No Call;No Call;No Call;No Call;No Call;No Call;No Call;No Call;No Call;No Call;No Call;No Call;No Call;No Call;No Call;No Call;No Call;No Call;No Call;No Call;No Call;No Call;No Call;No Call;No Call;No Call;No Call;No Call;No Call;No Call;No Call;No Call;No Call;No Call;No Call;No Call;No Call;No Call;No Call;No Call;No Call;No Call;No Call;No Call;No Call;No Call;No Call;No Call;No Call;No Call;No Call;No Call;No Call;No Call;No Call;No Call;No Call;No Call;No Call;No Call;No Call;No Call;No Call;No Call;No Call;No Call;No Call;No Call;No Call;No Call;No Call;No Call;No Call
31;JS17-1123;A:C;C:C;A:C;A:A;C:T;C:C;T:T;A:G;A:G;G:G;T:T;A:A;C:C;G:G;T:T;C:C;T:T;T:C;G:G;T:T;G:G;C:T;A:G;T:T;T:A;T:G;G:G;C:G;A:T;G:G;A:G;A:C;G:G;T:T;T:T;C:C;G:G;C:C;A:A;C:C;G:G;T:T;C:C;T:C;G:A;T:C;C:C;T:A;T:C;C:T;T:T;C:C;G:G;T:A;A:G;G:A;C:C;T:C;T:T;C:C;C:C;T:C;A:A;G:C;T:T;C:T;G:G;A:A;G:T;G:G;G:A;No Call;T:C;G:G;T:T;G:T;T:T;G:A;C:C;G:A;A:A;C:C;C:T;No Call;T:T;C:C;T:G;T:T;A:A;G:A;G:A;A:G;C:T;T:G;T:T;No Call
32;JS17-1123;A:C;C:C;A:C;A:A;C:T;C:C;T:T;A:G;A:G;G:G;T:T;A:A;C:C;G:G;T:T;C:C;T:T;T:C;G:G;T:T;G:G;C:T;A:G;T:T;T:A;T:G;G:G;C:G;A:T;G:G;A:G;A:C;G:G;T:T;T:T;C:C;G:G;C:C;A:A;C:C;G:G;T:T;C:C;T:C;G:A;T:C;C:C;T:A;T:C;C:T;T:T;C:C;G:G;T:A;A:G;G:A;C:C;T:C;T:T;C:C;C:C;T:C;A:A;G:C;T:T;C:T;G:G;A:A;G:T;G:G;G:A;No Call;T:C;G:G;T:T;G:T;T:T;G:A;C:C;G:A;A:A;C:C;C:T;No Call;T:T;C:C;T:G;T:T;A:A;G:A;G:A;A:G;C:T;T:G;T:T;No Call
19;JS17-1124;C:C;C:C;A:A;G:A;C:T;C:G;C:T;A:G;A:G;A:G;C:T;A:A;C:G;C:C;T:T;T:C;C:C;T:C;G:A;T:T;A:G;C:C;G:G;T:T;A:A;T:G;G:A;C:G;T:T;G:G;A:G;A:A;T:G;C:T;C:T;G:G;A:G;T:C;G:A;C:C;T:G;T:T;C:C;T:C;A:A;T:C;C:A;T:T;T:T;C:T;T:T;C:C;A:A;T:A;A:A;A:A;C:C;T:C;T:T;C:C;C:C;C:C;A:A;G:C;T:T;C:T;G:C;A:A;G:G;A:G;A:A;A:A;T:C;G:G;G:T;G:T;T:T;G:A;A:A;G:G;C:C;C:C;C:C;G:G;T:T;C:C;T:G;C:T;A:A;A:A;G:G;G:G;C:T;T:G;T:T;C:C
20;JS17-1124;C:C;C:C;A:A;G:A;C:T;C:G;C:T;A:G;A:G;A:G;C:T;A:A;C:G;C:C;T:T;T:C;C:C;T:C;G:A;T:T;A:G;C:C;G:G;T:T;A:A;T:G;G:A;C:G;T:T;G:G;A:G;A:A;T:G;C:T;C:T;G:G;A:G;T:C;G:A;C:C;T:G;T:T;C:C;T:C;A:A;T:C;C:A;T:T;T:T;C:T;T:T;No Call;A:A;T:A;A:A;A:A;C:C;T:C;T:T;C:C;C:C;C:C;A:A;G:C;T:T;C:T;G:C;A:A;G:G;A:G;A:A;A:A;T:C;G:G;G:T;G:T;T:T;G:A;A:A;G:G;C:C;C:C;C:C;G:G;T:T;C:C;T:G;C:T;A:A;A:A;G:G;G:G;C:T;T:G;T:T;C:C
07;JS17-1125;A:A;C:C;A:C;A:A;C:T;C:G;C:C;A:G;G:G;G:G;T:T;T:T;G:G;C:G;T:T;T:C;T:C;T:C;G:G;T:T;A:G;C:T;A:G;T:T;T:A;T:G;A:A;C:C;A:A;A:G;G:G;A:A;G:G;T:T;C:T;C:C;A:G;T:T;A:A;C:C;G:G;T:C;C:C;C:C;G:G;T:T;C:A;A:A;T:C;C:C;T:C;C:T;A:A;T:A;A:G;G:A;C:T;C:C;T:T;C:C;C:C;T:C;A:A;G:G;T:T;T:T;G:G;A:G;G:G;G:G;A:A;A:A;T:C;G:A;T:T;G:T;T:T;A:A;A:A;A:A;A:C;A:C;C:T;G:G;T:T;A:A;T:T;C:T;G:G;A:A;G:G;A:A;T:T;T:G;A:A;C:C
08;JS17-1125;A:A;C:C;A:C;A:A;C:T;C:G;C:C;A:G;G:G;G:G;T:T;T:T;G:G;C:G;T:T;T:C;T:C;T:C;G:G;T:T;A:G;C:T;A:G;T:T;T:A;T:G;A:A;C:C;A:A;A:G;G:G;A:A;G:G;T:T;C:T;C:C;A:G;T:T;A:A;C:C;G:G;T:C;C:C;C:C;G:G;T:T;C:A;A:A;T:C;C:C;T:C;C:T;A:A;T:A;A:G;G:A;C:T;C:C;T:T;C:C;C:C;T:C;A:A;G:G;T:T;T:T;G:G;A:G;G:G;G:G;A:A;A:A;T:C;G:A;T:T;G:T;T:T;A:A;A:A;A:A;A:C;A:C;C:T;G:G;T:T;A:A;T:T;C:T;G:G;A:A;G:G;A:A;T:T;T:G;A:A;C:C
83;JS17-1126;A:A;C:C;A:C;A:A;C:T;C:G;C:C;A:G;G:G;G:G;T:T;T:T;G:G;C:G;T:T;No Call;T:C;T:C;G:G;T:T;A:G;C:T;A:G;T:T;T:A;T:G;A:A;C:C;A:A;A:G;G:G;A:A;G:G;T:T;C:T;C:C;A:G;T:T;A:A;C:C;G:G;T:C;C:C;C:C;G:G;T:T;C:C;A:A;T:C;C:C;T:C;C:T;A:A;T:A;A:G;G:A;C:T;C:C;T:T;C:C;C:C;T:C;A:A;No Call;T:T;T:T;G:G;No Call;G:G;G:G;A:A;A:A;T:C;G:A;T:T;G:T;T:T;A:A;A:A;A:A;A:A;A:C;C:T;G:G;T:T;A:A;T:T;C:T;G:G;A:A;G:G;A:A;T:T;T:G;A:A;C:C
84;JS17-1126;A:A;C:C;No Call;A:A;No Call;C:G;C:C;A:G;G:G;G:G;T:T;T:T;G:G;C:G;T:T;T:C;T:C;T:C;G:G;T:T;A:G;C:T;A:G;T:T;T:A;T:G;A:A;C:C;A:A;A:G;G:G;A:A;G:G;T:T;C:T;C:C;A:G;T:T;A:A;C:C;G:G;T:C;C:C;C:C;G:G;T:T;C:A;A:A;T:C;C:C;T:C;C:T;A:A;T:A;A:G;G:A;C:T;C:C;T:T;C:C;C:C;T:C;A:A;G:G;T:T;T:T;G:G;A:G;G:G;G:G;A:A;A:A;T:C;G:G;T:T;G:T;T:T;A:A;A:A;A:A;A:C;No Call;C:T;G:G;T:T;A:A;T:T;C:T;G:G;A:A;G:G;A:A;T:T;T:G;A:A;C:C
71;JS17-1127;A:C;C:C;A:A;G:A;C:T;C:G;C:T;A:G;G:G;A:G;T:T;T:A;C:G;C:G;T:T;C:C;C:C;T:C;G:A;T:T;A:A;C:C;A:G;C:T;T:A;T:G;G:A;G:G;A:T;A:G;G:G;A:A;T:G;C:T;C:T;G:C;G:G;C:C;A:A;C:C;G:G;T:T;T:C;C:C;G:A;T:C;A:A;T:A;T:T;C:C;T:C;C:C;G:A;T:T;A:G;A:A;C:T;C:C;C:C;T:T;C:G;T:C;A:A;G:G;T:G;T:T;G:G;A:G;G:T;A:G;A:A;No Call;T:C;G:G;G:T;G:T;T:C;A:A;C:A;A:A;A:C;A:C;C:C;No Call;T:T;C:C;T:G;T:T;A:G;G:A;G:G;A:A;C:T;T:G;A:T;No Call
72;JS17-1127;A:C;C:C;A:A;G:A;C:T;C:G;C:T;A:G;G:G;A:G;T:T;T:A;C:G;C:G;T:T;C:C;C:C;T:C;G:A;T:T;A:A;C:C;A:G;C:T;T:A;T:G;G:A;G:G;A:T;A:G;G:G;A:A;T:G;C:T;C:T;G:C;G:G;C:C;A:A;C:C;G:G;T:T;T:C;C:C;G:A;T:C;A:A;T:A;T:T;C:C;T:C;C:C;G:A;T:T;A:G;A:A;C:T;C:C;C:C;T:T;C:G;T:C;A:A;G:G;T:G;T:T;G:G;A:G;G:T;A:G;A:A;No Call;T:C;G:G;G:T;G:T;T:C;A:A;C:A;A:A;A:C;A:C;C:C;No Call;T:T;C:C;T:G;T:T;A:G;G:A;G:G;A:A;C:T;T:G;A:T;No Call
59;JS17-1128;A:A;C:C;A:A;G:G;C:T;C:G;C:T;A:A;G:G;A:G;T:T;A:A;C:G;C:G;A:T;C:C;C:C;T:C;G:G;T:T;A:G;C:T;A:G;C:C;T:T;G:G;G:G;C:C;A:T;A:G;A:G;A:A;G:G;C:T;C:T;G:G;A:G;C:C;A:A;C:C;G:G;T:C;T:C;T:T;A:A;T:C;C:A;T:T;T:C;C:T;C:C;C:T;G:A;A:A;G:G;G:A;T:T;C:C;T:C;C:T;C:G;C:C;G:A;G:C;T:T;C:T;G:C;A:A;G:G;G:G;G:A;No Call;T:T;G:G;G:T;G:T;T:T;A:A;A:A;G:A;A:C;C:C;C:T;No Call;C:T;A:C;G:G;T:T;A:A;A:A;G:A;A:G;C:T;T:G;T:T;No Call
60;JS17-1128;A:A;C:C;A:A;G:G;C:T;C:G;C:T;A:A;G:G;A:G;T:T;A:A;C:G;C:G;A:T;C:C;C:C;T:C;G:G;T:T;A:G;C:T;A:G;C:C;T:T;G:G;G:G;C:C;A:T;A:G;A:G;A:A;G:G;C:T;C:T;G:G;A:G;C:C;A:A;C:C;G:G;T:C;T:C;T:T;A:A;T:C;C:A;T:T;T:C;C:T;C:C;C:T;G:A;A:A;G:G;G:A;T:T;C:C;T:C;C:T;C:G;C:C;G:A;G:C;T:T;C:T;G:C;A:A;G:G;G:G;G:A;No Call;T:T;G:G;G:T;G:T;T:T;A:A;A:A;G:A;A:C;C:C;C:T;No Call;C:T;A:C;G:G;T:T;A:A;A:A;G:A;A:G;C:T;T:G;T:T;No Call
47;JS17-1129;A:C;C:C;A:A;G:A;T:T;C:C;C:T;A:A;A:G;A:A;T:T;A:A;C:G;C:G;T:T;C:C;C:C;T:C;G:G;T:T;G:G;C:C;A:A;C:C;T:T;T:G;G:G;C:G;A:A;A:G;A:G;A:A;T:G;T:T;T:T;G:G;G:G;C:C;A:A;T:T;G:G;T:C;C:C;T:T;A:A;T:T;C:C;T:T;C:C;C:T;T:C;C:C;A:A;A:A;G:G;G:G;T:T;T:C;C:C;T:T;G:G;C:C;G:A;G:G;T:T;C:T;G:C;A:A;G:G;G:G;A:A;A:A;T:T;G:G;T:T;T:T;T:T;G:A;C:A;G:A;A:C;A:A;C:T;G:G;T:T;C:C;T:G;T:T;A:A;G:A;G:G;A:G;T:T;T:G;T:T;C:C
48;JS17-1129;A:C;C:C;A:A;G:A;T:T;C:C;C:T;A:A;A:G;A:A;T:T;A:A;C:G;C:G;T:T;C:C;C:C;T:C;G:G;T:T;G:G;C:C;A:A;C:C;T:T;T:G;G:G;C:G;A:A;A:G;A:G;A:A;T:G;T:T;T:T;G:G;G:G;C:C;A:A;T:T;G:G;T:C;C:C;T:T;A:A;T:T;C:C;T:T;C:C;C:T;T:C;C:C;A:A;A:A;G:G;G:G;T:T;T:C;C:C;T:T;G:G;C:C;G:A;G:G;T:T;C:T;G:C;A:A;G:G;G:G;A:A;A:A;T:T;G:G;T:T;T:T;T:T;G:A;C:A;G:A;A:C;A:A;C:T;G:G;T:T;C:C;T:G;T:T;A:A;G:A;G:G;A:G;T:T;T:G;T:T;C:C
35;JS17-1130;A:C;C:C;A:A;G:G;C:T;C:C;C:T;A:A;G:G;A:G;C:C;A:A;C:G;C:G;T:T;T:C;C:C;C:C;G:G;T:T;A:G;C:C;G:G;C:C;T:T;T:G;G:A;C:G;A:T;G:G;A:A;A:A;T:G;C:T;C:T;G:G;G:G;C:C;A:A;C:T;G:G;C:C;C:C;T:T;A:A;T:T;C:C;A:A;T:C;C:T;T:C;C:C;G:A;T:A;G:G;A:A;T:T;C:C;C:C;C:T;C:G;C:C;G:A;G:G;T:T;C:C;G:G;A:A;G:G;G:G;A:A;No Call;T:T;G:G;G:T;T:T;T:C;G:G;C:A;G:A;A:C;A:C;C:C;No Call;T:T;A:C;T:T;C:T;A:A;G:A;G:A;A:A;C:T;G:G;T:T;No Call
36;JS17-1130;A:C;C:C;A:A;G:G;C:T;C:C;C:T;A:A;G:G;A:G;No Call;A:A;C:G;C:G;T:T;T:C;C:C;C:C;G:G;T:T;A:G;C:C;G:G;C:C;T:T;T:G;G:A;C:G;A:T;G:G;A:A;A:A;T:G;C:T;C:T;G:G;G:G;C:C;A:A;C:T;G:G;C:C;C:C;T:T;A:A;T:T;C:C;A:A;T:C;C:T;T:C;C:C;G:A;T:A;G:G;A:A;T:T;C:C;C:C;C:T;C:G;C:C;G:A;G:G;T:T;C:C;G:G;A:A;G:G;G:G;A:A;No Call;T:T;G:G;G:T;T:T;T:C;G:G;C:A;G:A;A:C;A:C;C:C;No Call;T:T;A:C;T:T;C:T;A:A;G:A;G:A;A:A;C:T;G:G;T:T;No Call
77;JS17-1232;C:C;T:C;C:C;G:A;C:C;C:C;C:T;A:G;A:G;A:A;C:T;A:A;No Call;C:C;A:T;T:C;T:C;T:C;A:A;T:T;A:A;C:T;A:G;C:C;A:A;T:T;G:G;C:C;A:A;A:G;G:G;A:C;G:G;T:T;C:T;G:C;G:G;T:C;A:A;C:C;G:G;T:T;C:C;T:T;G:A;C:C;A:A;T:T;T:C;C:T;T:C;C:C;A:A;A:A;A:A;A:A;C:C;T:C;No Call;C:C;C:C;T:C;G:G;G:G;T:T;C:C;G:C;A:A;G:T;G:G;A:A;No Call;T:T;G:G;G:T;G:T;T:C;G:A;C:C;G:G;C:C;C:C;T:T;No Call;C:T;A:C;T:G;T:T;A:A;G:A;G:G;G:G;C:C;G:G;A:T;No Call
78;JS17-1232;C:C;T:C;C:C;G:A;C:C;C:C;C:T;A:G;A:G;A:A;C:T;A:A;C:C;C:C;A:T;T:C;T:C;T:C;G:A;T:T;A:A;C:T;A:G;C:T;A:A;T:T;G:A;C:G;A:A;A:G;A:G;A:C;G:G;T:T;C:T;G:C;G:G;T:C;A:A;C:C;G:G;T:T;C:C;T:T;G:A;C:C;A:A;T:T;T:C;C:T;T:C;C:C;A:A;A:A;A:A;A:A;C:C;T:C;T:T;C:C;C:C;T:C;G:G;G:G;T:T;C:T;G:C;A:A;G:T;G:G;A:A;No Call;T:T;G:G;G:G;G:T;T:C;G:A;C:C;G:G;C:C;C:C;T:T;No Call;C:T;A:C;T:G;T:T;A:A;G:A;G:G;G:G;C:C;G:G;A:T;No Call
93;JS17-1232-rr;C:C;T:C;C:C;G:G;C:C;C:C;C:T;A:G;A:A;A:A;C:T;A:A;C:C;No Call;A:T;No Call;T:C;No Call;G:G;T:T;A:A;C:C;A:G;No Call;A:A;T:T;G:G;C:C;A:A;A:A;A:G;A:C;No Call;T:T;T:T;C:C;No Call;T:T;A:A;C:C;G:G;T:T;C:C;No Call;G:A;C:C;No Call;T:T;T:C;C:T;C:C;C:C;A:A;A:A;A:A;A:A;No Call;C:C;T:T;C:C;C:C;No Call;G:G;G:G;T:T;T:T;G:C;A:A;G:T;G:G;A:A;No Call;T:T;G:G;T:T;G:G;T:T;No Call;C:C;G:G;C:C;C:C;T:T;No Call;C:C;No Call;T:G;T:T;No Call;G:G;G:G;G:G;C:C;G:G;A:T;No Call
94;JS17-1232-rr;C:C;T:C;C:C;A:A;C:C;C:C;T:T;No Call;G:G;No Call;C:C;No Call;C:C;C:C;A:T;C:C;C:C;T:C;G:A;T:T;A:A;T:T;G:G;C:T;A:A;T:T;G:G;C:G;A:A;A:A;A:G;A:A;G:G;T:T;C:T;G:C;G:G;No Call;A:A;C:C;G:G;T:T;C:C;T:T;No Call;C:C;A:A;T:T;T:T;No Call;T:C;C:C;A:A;A:A;A:A;A:A;C:C;T:C;T:T;C:C;C:C;T:C;G:G;G:G;T:T;C:T;No Call;A:A;G:G;G:G;A:A;No Call;T:T;G:G;G:G;G:G;T:C;A:A;C:C;G:G;C:C;C:C;T:T;No Call;C:C;C:C;T:G;No Call;A:A;No Call;G:G;G:G;C:C;G:G;T:T;No Call
65;JS17-1233;C:C;T:C;C:C;G:A;C:C;C:C;C:T;A:G;A:G;A:A;C:T;A:A;C:C;C:C;A:T;T:C;T:C;T:C;G:A;T:T;A:A;C:T;A:G;C:T;A:A;T:T;G:A;C:G;A:A;A:G;A:G;A:C;G:G;T:T;C:T;G:C;G:G;T:C;A:A;C:C;G:G;T:T;C:C;T:T;G:A;C:C;A:A;T:T;T:C;C:T;T:C;C:C;A:A;A:A;A:A;A:A;C:C;T:C;T:T;C:C;C:C;T:C;G:G;G:G;T:T;C:T;G:C;A:A;G:T;G:G;A:A;No Call;T:T;G:G;G:T;G:T;T:C;G:A;C:C;G:G;C:C;C:C;T:T;No Call;C:T;A:C;T:G;T:T;A:A;G:A;G:G;G:G;C:C;G:G;A:T;No Call
66;JS17-1233;C:C;T:C;C:C;G:A;C:C;C:C;C:T;A:G;A:G;A:A;C:T;A:A;C:C;C:C;A:T;T:C;T:C;T:C;G:A;T:T;A:A;C:T;A:G;C:T;A:A;T:T;G:A;C:G;A:A;A:G;A:G;A:C;G:G;T:T;C:T;G:C;G:G;T:C;A:A;C:C;G:G;T:T;C:C;T:T;G:A;C:C;A:A;T:T;T:C;C:T;T:C;C:C;A:A;A:A;A:A;A:A;C:C;T:C;T:T;C:C;C:C;T:C;G:G;G:G;T:T;C:T;G:C;A:A;G:T;G:G;A:A;No Call;T:T;G:G;G:T;G:T;T:C;G:A;C:C;G:G;C:C;C:C;T:T;No Call;C:T;A:C;T:G;T:T;A:A;G:A;G:G;G:G;C:C;G:G;A:T;No Call
81;JS17-1233-rr;C:C;T:C;C:C;G:A;C:C;C:C;C:T;A:G;A:G;A:A;C:T;A:A;C:C;C:C;A:T;T:C;T:C;T:C;G:A;T:T;A:A;C:T;A:G;C:T;A:A;T:T;G:A;C:G;A:A;A:G;A:G;A:C;G:G;T:T;C:T;G:C;G:G;T:C;A:A;C:C;G:G;T:T;C:C;T:T;G:A;C:C;A:A;T:T;T:C;C:T;T:C;C:C;A:A;A:A;A:A;A:A;C:C;T:C;T:T;C:C;C:C;T:C;G:G;G:G;T:T;C:T;G:C;A:A;G:T;G:G;A:A;No Call;T:T;G:G;G:T;G:T;T:C;G:A;C:C;G:G;C:C;C:C;T:T;No Call;C:T;A:C;T:G;T:T;A:A;G:A;G:G;G:G;C:C;G:G;A:T;No Call
82;JS17-1233-rr;C:C;T:C;C:C;G:A;C:C;C:C;C:T;A:G;A:G;A:A;C:T;A:A;C:C;C:C;A:T;T:C;T:C;T:C;G:A;T:T;A:A;C:T;A:G;C:T;A:A;T:T;G:A;C:G;A:A;A:G;A:G;A:C;G:G;T:T;C:T;G:C;G:G;T:C;A:A;C:C;G:G;T:T;C:C;T:T;G:A;C:C;A:A;T:T;T:C;C:T;T:C;C:C;A:A;A:A;A:A;A:A;C:C;T:C;T:T;C:C;C:C;T:C;G:G;G:G;T:T;C:T;G:C;A:A;G:T;G:G;A:A;No Call;T:T;G:G;G:T;G:T;T:C;G:A;C:C;G:G;C:C;C:C;T:T;No Call;C:T;A:C;T:G;T:T;A:A;G:A;G:G;G:G;C:C;G:G;A:T;No Call
53;JS17-1234;No Call;No Call;No Call;No Call;No Call;No Call;No Call;No Call;No Call;No Call;C:C;No Call;No Call;No Call;No Call;No Call;C:C;No Call;No Call;No Call;No Call;No Call;No Call;No Call;No Call;No Call;No Call;No Call;No Call;No Call;No Call;No Call;No Call;No Call;No Call;No Call;No Call;No Call;No Call;No Call;No Call;No Call;T:T;T:T;No Call;No Call;No Call;No Call;No Call;No Call;No Call;No Call;No Call;No Call;No Call;No Call;No Call;No Call;No Call;No Call;G:G;No Call;No Call;No Call;No Call;No Call;No Call;No Call;No Call;No Call;No Call;No Call;No Call;No Call;No Call;No Call;No Call;No Call;No Call;No Call;No Call;No Call;No Call;No Call;No Call;No Call;No Call;No Call;No Call;No Call;No Call;No Call;No Call;T:T;No Call;No Call
54;JS17-1234;No Call;C:C;No Call;No Call;No Call;No Call;No Call;G:G;No Call;No Call;No Call;No Call;G:G;No Call;No Call;No Call;No Call;No Call;No Call;No Call;No Call;No Call;No Call;No Call;No Call;No Call;No Call;C:C;No Call;No Call;No Call;No Call;No Call;No Call;No Call;G:G;No Call;No Call;No Call;No Call;No Call;No Call;No Call;No Call;No Call;No Call;No Call;A:A;No Call;No Call;C:C;No Call;No Call;No Call;No Call;G:G;No Call;No Call;No Call;T:T;No Call;No Call;No Call;No Call;No Call;No Call;G:G;No Call;No Call;No Call;No Call;No Call;No Call;No Call;No Call;T:T;No Call;No Call;No Call;No Call;No Call;A:A;T:T;No Call;No Call;C:C;G:G;No Call;A:A;No Call;No Call;No Call;No Call;No Call;No Call;No Call
69;JS17-1234-rr;No Call;No Call;A:A;No Call;No Call;No Call;No Call;No Call;No Call;No Call;No Call;T:T;No Call;C:C;No Call;No Call;T:T;No Call;No Call;No Call;No Call;No Call;No Call;No Call;No Call;No Call;No Call;No Call;No Call;No Call;No Call;No Call;T:T;No Call;No Call;No Call;No Call;No Call;A:A;No Call;No Call;No Call;T:T;No Call;No Call;No Call;No Call;No Call;No Call;No Call;No Call;No Call;No Call;No Call;No Call;No Call;No Call;No Call;No Call;No Call;No Call;No Call;No Call;No Call;T:T;No Call;No Call;G:G;G:G;No Call;No Call;No Call;No Call;No Call;No Call;No Call;No Call;No Call;No Call;No Call;No Call;No Call;No Call;No Call;No Call;No Call;No Call;No Call;No Call;No Call;No Call;No Call;No Call;No Call;No Call;No Call
70;JS17-1234-rr;No Call;No Call;No Call;No Call;No Call;No Call;No Call;No Call;No Call;No Call;No Call;No Call;No Call;No Call;No Call;T:T;No Call;No Call;No Call;No Call;G:G;No Call;No Call;No Call;No Call;G:G;A:A;C:C;No Call;No Call;No Call;No Call;No Call;No Call;T:T;No Call;No Call;No Call;No Call;No Call;T:T;No Call;No Call;No Call;No Call;No Call;No Call;No Call;No Call;No Call;No Call;No Call;No Call;No Call;No Call;G:G;No Call;C:C;C:C;T:T;No Call;T:T;No Call;No Call;No Call;No Call;G:G;G:G;No Call;No Call;No Call;No Call;No Call;G:G;No Call;No Call;T:T;No Call;No Call;No Call;No Call;No Call;No Call;No Call;No Call;No Call;No Call;No Call;A:A;No Call;No Call;No Call;No Call;T:T;No Call;No Call
41;JS17-1235;A:A;C:C;A:A;G:A;C:T;C:C;C:T;A:G;G:G;G:G;C:T;T:A;C:G;C:C;A:T;T:C;T:C;T:C;G:G;A:T;A:G;C:C;G:G;C:T;T:A;T:G;G:A;C:G;A:T;A:G;G:G;A:C;T:G;T:T;T:T;G:G;A:G;T:C;A:A;C:C;T:T;T:C;T:C;T:C;G:G;C:C;C:A;T:A;T:T;T:T;T:C;C:T;A:A;T:T;A:G;G:G;T:T;C:C;C:C;C:T;G:G;T:C;A:A;G:G;T:T;C:T;G:G;G:G;G:G;A:G;A:A;No Call;T:T;G:G;G:G;T:T;T:T;A:A;A:A;G:G;A:C;A:A;T:T;No Call;T:T;C:C;G:G;C:C;A:A;G:A;G:G;G:G;C:T;T:G;T:T;No Call
42;JS17-1235;A:A;C:C;A:A;G:A;C:T;C:C;C:T;A:G;G:G;G:G;C:T;T:A;C:G;C:C;A:T;T:C;T:C;T:C;G:G;A:T;A:G;C:C;G:G;C:T;T:A;T:G;G:A;C:G;A:T;A:G;G:G;A:C;T:G;T:T;T:T;G:G;A:G;T:C;A:A;C:C;T:T;T:C;T:C;T:C;G:G;C:C;C:A;T:A;T:T;T:T;T:C;C:T;A:A;T:T;A:G;G:G;T:T;C:C;C:C;C:T;G:G;T:C;A:A;G:G;T:T;C:T;G:G;G:G;G:G;A:G;A:A;No Call;T:T;G:G;G:G;T:T;T:T;A:A;A:A;G:G;A:C;A:A;T:T;No Call;T:T;C:C;G:G;C:C;A:A;G:A;G:G;G:G;C:T;T:G;T:T;No Call
57;JS17-1235-rr;A:A;C:C;A:A;G:A;C:T;C:C;C:T;A:G;G:G;G:G;C:T;T:A;C:G;C:C;A:T;T:C;T:C;T:C;G:G;A:T;A:G;C:C;G:G;C:T;T:A;T:G;G:A;C:G;A:T;A:G;G:G;A:C;T:G;T:T;T:T;G:G;A:G;T:C;A:A;C:C;T:T;T:C;T:C;T:C;G:G;C:C;C:A;T:A;T:T;T:T;T:C;C:T;A:A;T:T;A:G;G:G;T:T;C:C;C:C;C:T;G:G;T:C;A:A;G:G;T:T;C:T;G:G;G:G;G:G;A:G;A:A;No Call;T:T;G:G;G:G;T:T;T:T;A:A;A:A;G:G;A:C;A:A;T:T;No Call;T:T;C:C;G:G;C:C;A:A;G:A;G:G;G:G;C:T;T:G;T:T;No Call
58;JS17-1235-rr;A:A;C:C;A:A;G:A;C:T;C:C;C:T;A:G;G:G;G:G;C:T;T:A;C:G;C:C;A:T;T:C;T:C;T:C;G:G;A:T;A:G;C:C;G:G;C:T;T:A;T:G;G:A;C:G;A:T;A:G;G:G;A:C;T:G;T:T;T:T;G:G;A:G;T:C;A:A;C:C;T:T;T:C;T:C;T:C;No Call;C:C;C:A;T:A;T:T;T:T;T:C;C:T;A:A;T:T;A:G;G:G;T:T;C:C;C:C;C:T;G:G;T:C;A:A;G:G;T:T;C:T;G:G;G:G;G:G;A:G;A:A;No Call;T:T;G:G;G:G;T:T;T:T;A:A;A:A;G:G;A:C;A:A;T:T;No Call;T:T;C:C;G:G;C:C;A:A;G:A;G:G;G:G;C:T;T:G;T:T;No Call
29;JS17-1236;No Call;No Call;No Call;G:G;No Call;C:C;T:T;No Call;No Call;No Call;No Call;No Call;C:C;No Call;No Call;No Call;No Call;No Call;No Call;T:T;G:G;No Call;G:G;No Call;T:T;No Call;A:A;No Call;No Call;No Call;No Call;C:C;No Call;No Call;T:T;G:G;A:A;No Call;No Call;No Call;T:T;T:T;T:T;No Call;G:G;C:C;No Call;A:A;No Call;No Call;No Call;No Call;No Call;T:T;No Call;No Call;No Call;No Call;No Call;No Call;No Call;No Call;No Call;No Call;No Call;No Call;G:G;G:G;No Call;No Call;A:A;No Call;T:T;G:G;No Call;No Call;T:T;A:A;No Call;No Call;No Call;A:A;No Call;No Call;T:T;No Call;G:G;No Call;A:A;No Call;No Call;No Call;No Call;G:G;No Call;No Call
30;JS17-1236;No Call;C:C;No Call;No Call;C:T;No Call;C:C;G:G;G:G;No Call;C:C;No Call;C:C;No Call;T:T;C:C;No Call;No Call;G:G;No Call;No Call;C:C;No Call;T:T;A:A;No Call;G:G;No Call;T:T;No Call;G:G;No Call;No Call;No Call;T:T;No Call;A:A;T:T;No Call;C:C;No Call;No Call;No Call;No Call;G:G;C:C;A:A;No Call;No Call;T:T;C:C;No Call;A:A;T:T;G:G;No Call;T:T;No Call;No Call;T:T;No Call;T:T;No Call;No Call;T:T;No Call;No Call;G:G;G:G;No Call;A:A;No Call;T:T;No Call;G:G;T:T;T:T;A:A;A:A;No Call;No Call;A:A;No Call;No Call;T:T;No Call;G:G;C:C;No Call;No Call;G:G;G:G;C:T;No Call;No Call;No Call
45;JS17-1236-rr;A:A;No Call;No Call;No Call;C:C;No Call;C:C;G:G;No Call;No Call;No Call;A:A;No Call;No Call;No Call;C:C;No Call;No Call;No Call;No Call;No Call;C:C;G:G;No Call;T:T;T:T;No Call;G:G;T:T;No Call;G:G;No Call;No Call;No Call;T:T;G:G;No Call;No Call;A:A;No Call;T:T;No Call;T:T;No Call;No Call;No Call;No Call;No Call;No Call;No Call;C:C;No Call;No Call;T:T;G:G;G:G;No Call;C:C;C:C;No Call;No Call;No Call;No Call;G:G;No Call;No Call;No Call;No Call;G:G;No Call;A:A;No Call;No Call;No Call;No Call;No Call;No Call;No Call;A:A;G:G;No Call;A:A;No Call;No Call;No Call;C:C;No Call;C:C;A:A;No Call;G:G;No Call;No Call;No Call;No Call;No Call
46;JS17-1236-rr;No Call;No Call;A:A;No Call;C:C;No Call;C:C;A:A;G:G;No Call;No Call;No Call;G:G;C:C;No Call;No Call;T:T;No Call;G:G;A:A;G:G;No Call;No Call;No Call;A:A;No Call;No Call;G:G;No Call;No Call;No Call;No Call;No Call;No Call;No Call;No Call;No Call;T:T;No Call;C:C;No Call;No Call;No Call;T:T;No Call;No Call;A:A;No Call;No Call;T:T;No Call;No Call;No Call;No Call;No Call;No Call;T:T;C:C;No Call;C:T;No Call;C:C;No Call;G:G;No Call;C:C;No Call;No Call;No Call;A:A;No Call;No Call;T:T;G:G;No Call;No Call;No Call;No Call;No Call;No Call;C:C;No Call;No Call;No Call;No Call;No Call;No Call;C:C;No Call;No Call;No Call;G:G;No Call;G:G;No Call;No Call
17;JS17-1237;C:C;T:C;C:C;G:A;C:C;C:C;C:T;A:G;A:G;A:A;C:T;A:A;C:C;C:C;A:T;T:C;T:C;T:C;G:A;T:T;A:A;C:T;A:G;C:T;A:A;T:T;G:A;C:G;A:A;A:G;A:G;A:C;G:G;T:T;C:T;G:C;G:G;T:C;A:A;C:C;G:G;T:T;C:C;T:T;G:A;C:C;A:A;T:T;T:C;C:T;T:C;C:C;A:A;A:A;A:A;A:A;C:C;T:C;T:T;C:C;C:C;T:C;G:G;G:G;T:T;C:T;G:C;A:A;G:T;G:G;A:A;No Call;T:T;G:G;G:T;G:T;T:C;G:A;C:C;G:G;C:C;C:C;T:T;No Call;C:T;A:C;T:G;T:T;A:A;G:A;G:G;G:G;C:C;G:G;A:T;No Call
18;JS17-1237;C:C;T:C;C:C;G:A;C:C;C:C;C:T;A:G;A:G;A:A;C:T;A:A;C:C;C:C;A:T;T:C;T:C;T:C;G:A;T:T;A:A;C:T;A:G;C:T;A:A;T:T;G:A;C:G;A:A;A:G;A:G;A:C;G:G;T:T;C:T;G:C;G:G;T:C;A:A;C:C;G:G;T:T;C:C;T:T;G:A;C:C;A:A;T:T;T:C;C:T;T:C;C:C;A:A;A:A;A:A;A:A;C:C;T:C;T:T;C:C;C:C;T:C;G:G;G:G;T:T;C:T;G:C;A:A;G:T;G:G;A:A;No Call;T:T;G:G;G:T;G:T;T:C;G:A;C:C;G:G;C:C;C:C;T:T;No Call;C:T;A:C;T:G;T:T;A:A;G:A;G:G;G:G;C:C;G:G;A:T;No Call
33;JS17-1237-rr;C:C;T:C;C:C;G:A;C:C;C:C;C:T;A:G;A:G;A:A;C:T;A:A;C:C;C:C;A:T;T:C;T:C;T:C;G:A;T:T;A:A;C:T;A:G;C:T;A:A;T:T;G:A;C:G;A:A;A:G;A:G;A:C;G:G;T:T;C:T;G:C;G:G;T:C;A:A;C:C;G:G;T:T;C:C;T:T;G:A;C:C;A:A;T:T;T:C;C:T;T:C;C:C;A:A;A:A;A:A;A:A;C:C;T:C;T:T;C:C;C:C;T:C;G:G;G:G;T:T;C:T;G:C;A:A;G:T;G:G;A:A;No Call;T:T;G:G;G:T;G:T;T:C;G:A;C:C;G:G;C:C;C:C;T:T;No Call;C:T;A:C;T:G;T:T;A:A;G:A;G:G;G:G;C:C;G:G;A:T;No Call
34;JS17-1237-rr;C:C;T:C;C:C;G:A;C:C;C:C;C:T;A:G;A:G;A:A;C:T;A:A;C:C;C:C;A:T;T:C;T:C;T:C;G:A;T:T;A:A;C:T;A:G;C:T;A:A;T:T;G:A;C:G;A:A;A:G;A:G;A:C;G:G;T:T;C:T;G:C;G:G;T:C;A:A;C:C;G:G;T:T;C:C;T:T;G:A;C:C;A:A;T:T;T:C;C:T;T:C;C:C;A:A;A:A;A:A;A:A;C:C;T:C;T:T;C:C;C:C;T:C;G:G;G:G;T:T;C:T;G:C;A:A;G:T;G:G;A:A;No Call;T:T;G:G;G:T;G:T;T:C;G:A;C:C;G:G;C:C;C:C;T:T;No Call;C:T;A:C;T:G;T:T;A:A;G:A;G:G;G:G;C:C;G:G;A:T;No Call
05;JS17-1238;C:C;T:C;C:C;G:A;C:C;C:C;C:T;A:G;A:G;A:A;C:T;A:A;C:C;C:C;A:T;T:C;T:C;T:C;G:A;T:T;A:A;C:T;A:G;C:T;A:A;T:T;G:A;C:G;A:A;A:G;A:G;A:C;G:G;T:T;C:T;G:C;G:G;T:C;A:A;C:C;G:G;T:T;C:C;T:T;G:A;C:C;A:A;T:T;T:C;C:T;T:C;C:C;A:A;A:A;A:A;A:A;C:C;T:C;T:T;C:C;C:C;T:C;G:G;G:G;T:T;C:T;G:C;A:A;G:T;G:G;A:A;No Call;T:T;G:G;G:T;G:T;T:C;G:A;C:C;G:G;C:C;C:C;T:T;No Call;C:T;A:C;T:G;T:T;A:A;G:A;G:G;G:G;C:C;G:G;A:T;No Call
06;JS17-1238;C:C;T:C;C:C;G:A;C:C;C:C;C:T;A:G;A:G;A:A;C:T;A:A;C:C;C:C;A:T;T:C;T:C;T:C;G:A;T:T;A:A;C:T;A:G;C:T;A:A;T:T;G:A;C:G;A:A;A:G;A:G;A:C;G:G;T:T;C:T;G:C;G:G;T:C;A:A;C:C;G:G;T:T;C:C;T:T;G:A;C:C;A:A;T:T;T:C;C:T;T:C;C:C;A:A;A:A;A:A;A:A;C:C;T:C;T:T;C:C;C:C;T:C;G:G;G:G;T:T;C:T;G:C;A:A;G:T;G:G;A:A;No Call;T:T;G:G;G:T;G:T;T:C;G:A;C:C;G:G;C:C;C:C;T:T;No Call;C:T;A:C;T:G;T:T;A:A;G:A;G:G;G:G;C:C;G:G;A:T;No Call
21;JS17-1238-rr;C:C;T:C;C:C;G:A;C:C;C:C;C:T;A:G;A:G;A:A;C:T;A:A;C:C;C:C;A:T;T:C;T:C;T:C;G:A;T:T;A:A;C:T;A:G;C:T;A:A;T:T;G:A;C:G;A:A;A:G;A:G;A:C;G:G;T:T;C:T;G:C;G:G;T:C;A:A;C:C;G:G;T:T;C:C;T:T;G:A;C:C;A:A;T:T;T:C;C:T;T:C;C:C;A:A;A:A;A:A;A:A;C:C;T:C;T:T;C:C;C:C;T:C;G:G;G:G;T:T;C:T;G:C;A:A;G:T;G:G;A:A;No Call;T:T;G:G;G:T;G:T;T:C;G:A;C:C;G:G;C:C;C:C;T:T;No Call;C:T;A:C;T:G;T:T;A:A;G:A;G:G;G:G;C:C;G:G;A:T;No Call
22;JS17-1238-rr;C:C;T:C;C:C;G:A;C:C;C:C;C:T;A:G;A:G;A:A;C:T;A:A;C:C;C:C;A:T;T:C;T:C;T:C;G:A;T:T;A:A;C:T;A:G;C:T;A:A;T:T;G:A;C:G;A:A;A:G;A:G;A:C;G:G;T:T;C:T;G:C;G:G;T:C;A:A;C:C;G:G;T:T;C:C;T:T;G:A;C:C;A:A;T:T;T:C;C:T;T:C;C:C;A:A;A:A;A:A;A:A;C:C;T:C;T:T;C:C;C:C;T:C;G:G;G:G;T:T;C:T;G:C;A:A;G:T;G:G;A:A;No Call;T:T;G:G;G:T;G:T;T:C;G:A;C:C;G:G;C:C;C:C;T:T;No Call;C:T;A:C;T:G;T:T;A:A;G:A;G:G;G:G;C:C;G:G;A:T;No Call
91;JS17-1239;A:A;C:C;A:A;G:A;C:T;C:C;C:T;A:G;G:G;G:G;C:T;T:A;C:G;C:C;A:T;T:C;T:C;T:C;G:G;A:T;A:G;C:C;G:G;C:T;T:A;T:G;G:A;C:G;A:T;A:G;G:G;A:C;T:G;T:T;T:T;G:G;A:G;T:C;A:A;C:C;T:T;T:C;T:C;T:C;G:G;C:C;C:A;T:A;T:T;T:T;T:C;C:T;A:A;T:T;A:G;G:G;T:T;C:C;C:C;C:T;G:G;T:C;A:A;G:G;T:T;C:T;G:G;G:G;G:G;A:G;A:A;No Call;T:T;G:G;G:G;T:T;T:T;A:A;A:A;G:G;A:C;A:A;T:T;No Call;T:T;C:C;G:G;C:C;A:A;G:A;G:G;G:G;C:T;T:G;T:T;No Call
92;JS17-1239;A:A;C:C;A:A;G:A;C:T;C:C;C:T;A:G;G:G;G:G;C:T;T:A;C:G;C:C;A:T;T:C;T:C;T:C;G:G;A:T;A:G;C:C;G:G;C:T;T:A;T:G;G:A;C:G;A:T;A:G;G:G;A:C;T:G;T:T;T:T;G:G;A:G;T:C;A:A;C:C;T:T;T:C;T:C;T:C;G:G;C:C;C:A;T:A;T:T;T:T;T:C;C:T;A:A;T:T;A:G;G:G;T:T;C:C;C:C;C:T;G:G;T:C;A:A;G:G;T:T;C:T;G:G;G:G;G:G;A:G;A:A;No Call;T:T;G:G;G:G;T:T;T:T;A:A;A:A;G:G;A:C;A:A;T:T;No Call;T:T;C:C;G:G;C:C;A:A;G:A;G:G;G:G;C:T;T:G;T:T;No Call
09;JS17-1239-rr;A:A;C:C;A:A;G:A;C:T;C:C;C:T;A:G;G:G;G:G;C:T;T:A;C:G;C:C;A:T;T:C;T:C;T:C;G:G;A:T;A:G;C:C;G:G;C:T;T:A;T:G;G:A;C:G;A:T;A:G;G:G;A:C;T:G;T:T;T:T;G:G;A:G;T:C;A:A;C:C;T:T;T:C;T:C;T:C;No Call;C:C;C:A;T:A;T:T;T:T;T:C;C:T;A:A;T:T;A:G;G:G;T:T;C:C;C:C;C:T;G:G;T:C;A:A;G:G;T:T;C:T;G:G;G:G;G:G;A:G;A:A;No Call;T:T;G:G;G:G;T:T;T:T;A:A;A:A;G:G;A:C;A:A;T:T;No Call;T:T;C:C;G:G;C:C;A:A;G:A;G:G;G:G;C:T;T:G;T:T;No Call
10;JS17-1239-rr;A:A;C:C;A:A;G:A;C:T;C:C;C:T;A:G;G:G;G:G;C:T;T:A;C:G;C:C;A:T;T:C;T:C;T:C;G:G;A:T;A:G;C:C;G:G;C:T;T:A;T:G;G:A;C:G;A:T;A:G;G:G;A:C;T:G;T:T;T:T;G:G;A:G;T:C;A:A;C:C;T:T;T:C;T:C;T:C;G:G;C:C;C:A;T:A;T:T;T:T;T:C;C:T;A:A;T:T;A:G;G:G;T:T;C:C;C:C;C:T;G:G;T:C;A:A;G:G;T:T;C:T;G:G;G:G;G:G;A:G;A:A;No Call;T:T;G:G;G:G;T:T;T:T;A:A;A:A;G:G;A:C;A:A;T:T;No Call;T:T;C:C;G:G;C:C;A:A;G:A;G:G;G:G;C:T;T:G;T:T;No Call
79;JS17-1240;C:C;T:C;C:C;G:A;C:C;C:C;C:T;A:G;A:G;A:A;C:T;A:A;C:C;C:C;A:T;T:C;T:C;T:C;G:A;T:T;A:A;C:T;A:G;C:T;A:A;T:T;G:A;C:G;A:A;A:G;A:G;A:C;G:G;T:T;C:T;G:C;G:G;T:C;A:A;C:C;G:G;T:T;No Call;T:T;G:A;C:C;A:A;T:T;T:C;C:T;T:C;C:C;A:A;A:A;A:A;A:A;C:C;T:C;T:T;C:C;C:C;T:C;G:G;G:G;T:T;C:T;G:C;A:A;G:T;G:G;A:A;No Call;T:T;G:G;G:T;G:T;T:C;G:A;C:C;G:G;C:C;C:C;T:T;No Call;C:T;A:C;T:G;T:T;A:A;G:A;G:G;G:G;C:C;G:G;A:T;No Call
80;JS17-1240;C:C;T:C;C:C;G:A;C:C;C:C;C:T;A:G;A:G;A:A;C:T;A:A;C:C;C:C;A:T;T:C;T:C;T:C;G:A;T:T;A:A;C:T;A:G;C:T;A:A;T:T;G:A;C:G;A:A;A:G;A:G;A:C;G:G;T:T;C:T;G:C;G:G;T:C;A:A;C:C;G:G;T:T;C:C;T:T;G:A;C:C;A:A;T:T;T:C;C:T;T:C;C:C;A:A;A:A;A:A;A:A;C:C;T:C;T:T;C:C;C:C;T:C;G:G;G:G;T:T;C:T;G:C;A:A;G:T;G:G;A:A;No Call;T:T;G:G;G:T;G:T;T:C;G:A;C:C;G:G;C:C;C:C;T:T;No Call;C:T;A:C;T:G;T:T;A:A;G:A;G:G;G:G;C:C;G:G;A:T;No Call
95;JS17-1240-rr;C:C;T:C;C:C;G:A;C:C;C:C;C:T;A:G;A:G;A:A;C:T;A:A;C:C;C:C;A:T;T:C;T:C;T:C;G:A;T:T;A:A;C:T;A:G;C:T;A:A;T:T;G:A;C:G;A:A;A:G;A:G;A:C;G:G;T:T;C:T;G:C;G:G;T:C;A:A;C:C;G:G;T:T;C:C;T:T;G:A;C:C;A:A;T:T;T:C;C:T;T:C;C:C;A:A;A:A;A:A;A:A;C:C;T:C;T:T;C:C;C:C;T:C;G:G;G:G;T:T;C:T;G:C;A:A;G:T;G:G;A:A;No Call;T:T;G:G;G:T;G:T;T:C;G:A;C:C;G:G;C:C;C:C;T:T;No Call;C:T;A:C;T:G;T:T;A:A;G:A;G:G;G:G;C:C;G:G;A:T;No Call
96;JS17-1240-rr;C:C;T:C;C:C;G:A;C:C;C:C;C:T;A:G;A:G;A:A;C:T;A:A;C:C;C:C;A:T;T:C;T:C;T:C;G:A;T:T;A:A;C:T;A:G;C:T;A:A;T:T;G:A;C:G;A:A;A:G;A:G;A:C;G:G;T:T;C:T;G:C;G:G;T:C;A:A;C:C;G:G;T:T;C:C;T:T;G:A;C:C;A:A;T:T;T:C;C:T;T:C;C:C;A:A;A:A;A:A;A:A;C:C;T:C;T:T;C:C;C:C;T:C;G:G;G:G;T:T;C:T;G:C;A:A;G:T;G:G;A:A;No Call;T:T;G:G;G:T;G:T;T:C;G:A;C:C;G:G;C:C;C:C;T:T;No Call;C:T;A:C;T:G;T:T;A:A;G:A;G:G;G:G;C:C;G:G;A:T;No Call
11;NTC;NTC;NTC;NTC;NTC;NTC;NTC;NTC;NTC;NTC;NTC;NTC;NTC;NTC;NTC;NTC;NTC;NTC;NTC;NTC;NTC;NTC;NTC;NTC;NTC;NTC;NTC;NTC;NTC;NTC;NTC;NTC;NTC;NTC;NTC;NTC;NTC;NTC;NTC;NTC;NTC;NTC;NTC;NTC;NTC;NTC;NTC;NTC;NTC;NTC;NTC;NTC;NTC;NTC;NTC;NTC;NTC;NTC;NTC;NTC;NTC;NTC;NTC;NTC;NTC;NTC;NTC;NTC;NTC;NTC;NTC;NTC;NTC;NTC;NTC;NTC;NTC;NTC;NTC;NTC;NTC;NTC;NTC;NTC;NTC;NTC;NTC;NTC;NTC;NTC;NTC;NTC;NTC;NTC;NTC;NTC;NTC
12;NTC;NTC;NTC;NTC;NTC;NTC;NTC;NTC;NTC;NTC;NTC;NTC;NTC;NTC;NTC;NTC;NTC;NTC;NTC;NTC;NTC;NTC;NTC;NTC;NTC;NTC;NTC;NTC;NTC;NTC;NTC;NTC;NTC;NTC;NTC;NTC;NTC;NTC;NTC;NTC;NTC;NTC;NTC;NTC;NTC;NTC;NTC;NTC;NTC;NTC;NTC;NTC;NTC;NTC;NTC;NTC;NTC;NTC;NTC;NTC;NTC;NTC;NTC;NTC;NTC;NTC;NTC;NTC;NTC;NTC;NTC;NTC;NTC;NTC;NTC;NTC;NTC;NTC;NTC;NTC;NTC;NTC;NTC;NTC;NTC;NTC;NTC;NTC;NTC;NTC;NTC;NTC;NTC;NTC;NTC;NTC;NTC
24;NTC;NTC;NTC;NTC;NTC;NTC;NTC;NTC;NTC;NTC;NTC;NTC;NTC;NTC;NTC;NTC;NTC;NTC;NTC;NTC;NTC;NTC;NTC;NTC;NTC;NTC;NTC;NTC;NTC;NTC;NTC;NTC;NTC;NTC;NTC;NTC;NTC;NTC;NTC;NTC;NTC;NTC;NTC;NTC;NTC;NTC;NTC;NTC;NTC;NTC;NTC;NTC;NTC;NTC;NTC;NTC;NTC;NTC;NTC;NTC;NTC;NTC;NTC;NTC;NTC;NTC;NTC;NTC;NTC;NTC;NTC;NTC;NTC;NTC;NTC;NTC;NTC;NTC;NTC;NTC;NTC;NTC;NTC;NTC;NTC;NTC;NTC;NTC;NTC;NTC;NTC;NTC;NTC;NTC;NTC;NTC;NTC
67;preppblank_1232-1240;No Call;No Call;No Call;No Call;No Call;No Call;No Call;No Call;No Call;No Call;No Call;No Call;No Call;No Call;No Call;No Call;No Call;No Call;No Call;No Call;No Call;No Call;No Call;No Call;No Call;No Call;No Call;No Call;No Call;No Call;No Call;No Call;No Call;No Call;No Call;No Call;No Call;No Call;No Call;No Call;No Call;No Call;No Call;No Call;No Call;No Call;No Call;No Call;No Call;No Call;No Call;No Call;No Call;No Call;No Call;No Call;No Call;No Call;No Call;No Call;No Call;No Call;No Call;No Call;No Call;No Call;No Call;No Call;No Call;No Call;No Call;No Call;No Call;No Call;No Call;No Call;No Call;No Call;No Call;No Call;No Call;No Call;No Call;No Call;No Call;No Call;No Call;No Call;No Call;No Call;No Call;No Call;No Call;No Call;No Call;No Call
68;preppblank_1232-1240;No Call;No Call;No Call;No Call;No Call;No Call;No Call;No Call;No Call;No Call;No Call;No Call;No Call;No Call;No Call;No Call;No Call;No Call;No Call;No Call;No Call;No Call;No Call;No Call;No Call;No Call;No Call;No Call;No Call;No Call;No Call;No Call;No Call;No Call;No Call;No Call;No Call;No Call;No Call;No Call;No Call;No Call;No Call;No Call;No Call;No Call;No Call;No Call;No Call;No Call;No Call;No Call;No Call;No Call;No Call;No Call;No Call;No Call;No Call;No Call;No Call;No Call;No Call;No Call;No Call;No Call;No Call;No Call;No Call;No Call;No Call;No Call;No Call;No Call;No Call;No Call;No Call;No Call;No Call;No Call;No Call;No Call;No Call;No Call;No Call;No Call;No Call;No Call;No Call;No Call;No Call;No Call;No Call;No Call;No Call;No Call
23;STA-blank;No Call;No Call;No Call;No Call;No Call;No Call;No Call;No Call;No Call;No Call;No Call;No Call;No Call;No Call;No Call;No Call;No Call;No Call;No Call;No Call;No Call;No Call;No Call;No Call;No Call;No Call;No Call;No Call;No Call;No Call;No Call;No Call;No Call;No Call;No Call;No Call;No Call;No Call;No Call;No Call;No Call;No Call;No Call;No Call;No Call;No Call;No Call;No Call;No Call;No Call;No Call;No Call;No Call;No Call;No Call;No Call;No Call;No Call;No Call;No Call;No Call;No Call;No Call;No Call;No Call;No Call;No Call;No Call;No Call;No Call;No Call;No Call;No Call;No Call;No Call;No Call;No Call;No Call;No Call;No Call;No Call;No Call;No Call;No Call;No Call;No Call;No Call;No Call;No Call;No Call;No Call;No Call;No Call;No Call;No Call;No Call
